"code","American.Crow","American.Robin","Anna's.Hummingbird","Black-capped.Chickadee","Black-headed.Grosbeak","Black-throated.Gray.Warbler","Chestnut-backed.Chickadee","Dark-eyed.Junco","Golden-crowned.Kinglet","Northern.Flicker","Pacific.Wren","Pileated.Woodpecker","Pine.Siskin","Song.Sparrow","Spotted.Towhee","Swainson's.Thrush","Western.Flycatcher","Western.Wood-Pewee","Wilson's.Warbler","American.Goldfinch","Brown.Creeper","Bushtit","Caspian.Tern","Cedar.Waxwing","Hairy.Woodpecker","Hermit.Thrush","Hutton's.Vireo","Orange-crowned.Warbler","Ruby-crowned.Kinglet","Warbling.Vireo","Glaucous-winged.Gull","Hammond's.Flycatcher","Peregrine.Falcon","Yellow-rumped.Warbler","Downy.Woodpecker","Red-breasted.Nuthatch","Townsend's.Warbler","Barred.Owl","Bewick's.Wren","Cooper's.Hawk","House.Finch","Red-tailed.Hawk","Steller's.Jay","Brown-headed.Cowbird","Double-crested.Cormorant","Fox.Sparrow","Violet-green.Swallow","Merlin","Purple.Finch","Red-breasted.Sapsucker","Varied.Thrush","Band-tailed.Pigeon","Great.Blue.Heron","Mallard","Bald.Eagle","Common.Goldeneye","Short-billed.Gull","White-crowned.Sparrow","Common.Raven","Rock.Pigeon","Western.Tanager","European.Starling","Golden-crowned.Sparrow","Red.Crossbill","Red-breasted.Merganser","Belted.Kingfisher","California.Gull","Common.Merganser","Osprey","Bufflehead","White-winged.Scoter","Barn.Swallow","Barrow's.Goldeneye","Common.Loon","Dunlin","Greater.Scaup","Harlequin.Duck","Horned.Grebe","Iceland.Gull","Northern.Pintail","Northern.Shoveler","Pigeon.Guillemot","Red-necked.Grebe","Red-throated.Loon","Rhinoceros.Auklet","Surf.Scoter","Brant","Canada.Goose","Gadwall","Killdeer","Lesser.Scaup","American.Wigeon","Red-winged.Blackbird","Common.Yellowthroat","Hooded.Merganser","Yellow.Warbler","Olive-sided.Flycatcher","Rufous.Hummingbird","Evening.Grosbeak","Savannah.Sparrow","Willow.Flycatcher","Purple.Martin","Brewer's.Blackbird","American.Coot","Ring-billed.Gull","Mourning.Dove","Pied-billed.Grebe","Ring-necked.Duck","Tree.Swallow","Western.Gull","Eurasian.Wigeon","Bonaparte's.Gull","American.Pipit","Lincoln's.Sparrow","Green-winged.Teal","Marsh.Wren","Virginia.Rail","Northern.Rough-winged.Swallow","Green.Heron","Western.Grebe","Spotted.Sandpiper","Snow.Goose","Cackling.Goose","Vaux's.Swift","Sharp-shinned.Hawk"
"CP1",14,10,4,7,2,1,2,6,10,2,1,3,7,21,1,1,4,1,6,0,0,0,0,0,0,0,0,0,0,0,0,0,0,0,0,0,0,0,0,0,0,0,0,0,0,0,0,0,0,0,0,0,0,0,0,0,0,0,0,0,0,0,0,0,0,0,0,0,0,0,0,0,0,0,0,0,0,0,0,0,0,0,0,0,0,0,0,0,0,0,0,0,0,0,0,0,0,0,0,0,0,0,0,0,0,0,0,0,0,0,0,0,0,0,0,0,0,0,0,0,0,0,0,0,0
"CP2",13,19,18,15,1,2,10,5,8,0,0,0,18,10,4,1,0,0,0,7,5,6,1,5,1,1,1,1,1,2,0,0,0,0,0,0,0,0,0,0,0,0,0,0,0,0,0,0,0,0,0,0,0,0,0,0,0,0,0,0,0,0,0,0,0,0,0,0,0,0,0,0,0,0,0,0,0,0,0,0,0,0,0,0,0,0,0,0,0,0,0,0,0,0,0,0,0,0,0,0,0,0,0,0,0,0,0,0,0,0,0,0,0,0,0,0,0,0,0,0,0,0,0,0,0
"CP3",11,8,5,12,0,1,0,2,6,6,1,1,0,23,3,0,5,0,2,0,4,0,0,0,0,0,0,0,0,0,2,1,1,1,0,0,0,0,0,0,0,0,0,0,0,0,0,0,0,0,0,0,0,0,0,0,0,0,0,0,0,0,0,0,0,0,0,0,0,0,0,0,0,0,0,0,0,0,0,0,0,0,0,0,0,0,0,0,0,0,0,0,0,0,0,0,0,0,0,0,0,0,0,0,0,0,0,0,0,0,0,0,0,0,0,0,0,0,0,0,0,0,0,0,0
"CP4",22,11,5,18,0,1,19,1,13,1,3,1,10,32,6,1,2,0,3,0,1,21,2,6,1,0,0,1,2,0,1,0,0,1,1,2,3,0,0,0,0,0,0,0,0,0,0,0,0,0,0,0,0,0,0,0,0,0,0,0,0,0,0,0,0,0,0,0,0,0,0,0,0,0,0,0,0,0,0,0,0,0,0,0,0,0,0,0,0,0,0,0,0,0,0,0,0,0,0,0,0,0,0,0,0,0,0,0,0,0,0,0,0,0,0,0,0,0,0,0,0,0,0,0,0
"CP5",34,19,13,56,0,0,5,3,8,4,2,3,5,28,1,0,4,0,4,0,5,1,0,0,2,0,0,0,1,0,2,0,0,0,2,2,1,1,2,1,3,1,3,0,0,0,0,0,0,0,0,0,0,0,0,0,0,0,0,0,0,0,0,0,0,0,0,0,0,0,0,0,0,0,0,0,0,0,0,0,0,0,0,0,0,0,0,0,0,0,0,0,0,0,0,0,0,0,0,0,0,0,0,0,0,0,0,0,0,0,0,0,0,0,0,0,0,0,0,0,0,0,0,0,0
"CP6",27,16,5,12,0,0,10,2,5,1,2,1,4,15,5,0,3,0,3,0,2,0,0,0,1,1,0,0,5,0,0,0,0,1,0,0,0,0,2,0,0,0,5,0,0,0,0,0,0,0,0,0,0,0,0,0,0,0,0,0,0,0,0,0,0,0,0,0,0,0,0,0,0,0,0,0,0,0,0,0,0,0,0,0,0,0,0,0,0,0,0,0,0,0,0,0,0,0,0,0,0,0,0,0,0,0,0,0,0,0,0,0,0,0,0,0,0,0,0,0,0,0,0,0,0
"CP7",24,10,15,25,0,0,0,14,2,3,0,0,1,28,10,0,0,0,0,3,0,0,0,1,0,0,0,3,0,0,0,0,0,1,0,0,0,0,0,0,8,0,3,1,1,1,11,0,0,0,0,0,0,0,0,0,0,0,0,0,0,0,0,0,0,0,0,0,0,0,0,0,0,0,0,0,0,0,0,0,0,0,0,0,0,0,0,0,0,0,0,0,0,0,0,0,0,0,0,0,0,0,0,0,0,0,0,0,0,0,0,0,0,0,0,0,0,0,0,0,0,0,0,0,0
"CV1",24,33,15,15,1,1,14,17,10,3,6,0,5,8,11,0,0,0,1,0,2,0,0,0,0,0,1,0,2,0,1,0,0,3,0,11,0,0,8,0,0,0,2,3,0,0,0,1,2,1,1,0,0,0,0,0,0,0,0,0,0,0,0,0,0,0,0,0,0,0,0,0,0,0,0,0,0,0,0,0,0,0,0,0,0,0,0,0,0,0,0,0,0,0,0,0,0,0,0,0,0,0,0,0,0,0,0,0,0,0,0,0,0,0,0,0,0,0,0,0,0,0,0,0,0
"CV2",12,15,6,10,0,1,4,7,7,1,5,2,61,8,4,0,5,0,4,2,2,0,0,2,0,0,0,0,0,3,1,0,0,0,0,0,0,0,0,0,1,0,6,0,0,0,0,0,1,0,0,3,1,1,0,0,0,0,0,0,0,0,0,0,0,0,0,0,0,0,0,0,0,0,0,0,0,0,0,0,0,0,0,0,0,0,0,0,0,0,0,0,0,0,0,0,0,0,0,0,0,0,0,0,0,0,0,0,0,0,0,0,0,0,0,0,0,0,0,0,0,0,0,0,0
"CV3",17,11,5,15,1,0,3,13,6,2,3,3,6,17,3,1,5,1,5,2,1,0,0,0,0,0,1,1,1,0,1,1,0,0,0,2,0,0,1,0,0,0,1,0,0,0,0,0,1,1,1,0,0,0,0,0,0,0,0,0,0,0,0,0,0,0,0,0,0,0,0,0,0,0,0,0,0,0,0,0,0,0,0,0,0,0,0,0,0,0,0,0,0,0,0,0,0,0,0,0,0,0,0,0,0,0,0,0,0,0,0,0,0,0,0,0,0,0,0,0,0,0,0,0,0
"CV4",54,19,4,21,0,1,6,8,17,6,4,0,94,9,4,3,4,0,2,0,5,0,0,0,0,0,0,0,1,1,7,0,0,6,2,1,0,0,2,0,0,0,0,0,0,0,0,1,0,0,2,1,0,5,0,0,0,0,0,0,0,0,0,0,0,0,0,0,0,0,0,0,0,0,0,0,0,0,0,0,0,0,0,0,0,0,0,0,0,0,0,0,0,0,0,0,0,0,0,0,0,0,0,0,0,0,0,0,0,0,0,0,0,0,0,0,0,0,0,0,0,0,0,0,0
"CV5",17,5,6,12,0,2,18,6,27,6,8,2,5,6,8,1,4,0,3,0,4,1,0,0,0,0,1,2,1,1,1,0,0,10,1,8,2,0,2,0,0,0,0,0,0,0,0,0,0,0,1,0,0,0,0,0,0,0,0,0,0,0,0,0,0,0,0,0,0,0,0,0,0,0,0,0,0,0,0,0,0,0,0,0,0,0,0,0,0,0,0,0,0,0,0,0,0,0,0,0,0,0,0,0,0,0,0,0,0,0,0,0,0,0,0,0,0,0,0,0,0,0,0,0,0
"CV6",65,7,6,1,0,0,1,17,0,1,0,0,100,7,3,0,0,0,0,0,1,0,0,0,0,0,0,1,0,0,14,0,0,0,0,0,0,0,1,0,0,0,0,0,0,0,0,0,0,0,1,0,2,6,1,2,12,7,0,0,0,0,0,0,0,0,0,0,0,0,0,0,0,0,0,0,0,0,0,0,0,0,0,0,0,0,0,0,0,0,0,0,0,0,0,0,0,0,0,0,0,0,0,0,0,0,0,0,0,0,0,0,0,0,0,0,0,0,0,0,0,0,0,0,0
"CV7",192,1,6,14,0,0,0,7,0,0,1,0,2,37,4,0,1,0,1,0,1,0,0,0,0,0,0,1,1,0,2,0,0,4,0,0,0,0,0,0,0,0,0,0,0,0,0,0,0,1,0,0,4,269,1,0,0,0,0,0,0,0,0,0,0,0,0,0,0,0,0,0,0,0,0,0,0,0,0,0,0,0,0,0,0,0,0,0,0,0,0,0,0,0,0,0,0,0,0,0,0,0,0,0,0,0,0,0,0,0,0,0,0,0,0,0,0,0,0,0,0,0,0,0,0
"CV8",213,4,7,10,0,0,0,0,0,1,0,0,0,12,1,0,2,0,2,0,2,0,0,0,0,0,0,0,0,1,5,0,0,0,0,0,0,0,1,0,0,0,1,0,0,0,0,0,0,0,0,1,0,0,2,0,0,0,0,0,0,0,0,0,0,0,0,0,0,0,0,0,0,0,0,0,0,0,0,0,0,0,0,0,0,0,0,0,0,0,0,0,0,0,0,0,0,0,0,0,0,0,0,0,0,0,0,0,0,0,0,0,0,0,0,0,0,0,0,0,0,0,0,0,0
"CV9",62,4,5,24,0,0,15,0,12,9,0,3,100,15,1,5,3,0,4,0,7,0,0,0,2,0,0,1,2,4,7,0,0,2,3,0,0,0,0,0,0,0,0,0,0,0,0,0,0,0,0,1,1,0,0,0,0,0,1,0,0,0,0,0,0,0,0,0,0,0,0,0,0,0,0,0,0,0,0,0,0,0,0,0,0,0,0,0,0,0,0,0,0,0,0,0,0,0,0,0,0,0,0,0,0,0,0,0,0,0,0,0,0,0,0,0,0,0,0,0,0,0,0,0,0
"CGN1",32,8,8,33,0,2,0,6,1,5,2,2,0,22,5,0,1,0,0,0,2,3,0,0,0,0,1,2,3,0,0,0,0,3,5,0,0,0,15,0,13,0,0,0,1,0,0,0,0,0,0,0,0,0,0,0,0,0,0,1,1,0,0,0,0,0,0,0,0,0,0,0,0,0,0,0,0,0,0,0,0,0,0,0,0,0,0,0,0,0,0,0,0,0,0,0,0,0,0,0,0,0,0,0,0,0,0,0,0,0,0,0,0,0,0,0,0,0,0,0,0,0,0,0,0
"CGN2",27,7,9,18,0,0,10,1,10,6,2,2,0,19,11,0,1,0,0,0,2,0,0,0,0,0,1,0,0,0,0,0,0,5,2,3,1,0,7,1,1,0,2,0,0,0,0,0,0,0,0,0,0,0,0,0,0,0,0,0,0,0,0,0,0,0,0,0,0,0,0,0,0,0,0,0,0,0,0,0,0,0,0,0,0,0,0,0,0,0,0,0,0,0,0,0,0,0,0,0,0,0,0,0,0,0,0,0,0,0,0,0,0,0,0,0,0,0,0,0,0,0,0,0,0
"CGN3",32,15,6,13,0,0,2,4,6,5,3,0,0,9,12,0,1,0,2,4,0,0,0,0,0,0,1,1,0,0,0,0,0,2,3,2,0,0,9,0,2,0,3,0,0,0,0,0,0,0,0,0,0,0,0,0,0,0,0,0,0,1,0,0,0,0,0,0,0,0,0,0,0,0,0,0,0,0,0,0,0,0,0,0,0,0,0,0,0,0,0,0,0,0,0,0,0,0,0,0,0,0,0,0,0,0,0,0,0,0,0,0,0,0,0,0,0,0,0,0,0,0,0,0,0
"CGN4",43,30,6,36,1,0,1,2,0,9,1,0,0,12,12,0,0,0,0,9,0,4,0,0,0,0,0,1,1,0,0,0,0,0,1,0,3,0,4,2,12,0,15,0,0,0,0,0,0,0,0,0,0,0,0,0,0,0,0,0,0,0,1,2,0,0,0,0,0,0,0,0,0,0,0,0,0,0,0,0,0,0,0,0,0,0,0,0,0,0,0,0,0,0,0,0,0,0,0,0,0,0,0,0,0,0,0,0,0,0,0,0,0,0,0,0,0,0,0,0,0,0,0,0,0
"CGN5",19,25,5,42,0,0,4,1,2,5,1,2,0,7,4,0,0,0,1,0,2,4,0,0,0,0,0,0,0,0,0,0,0,0,1,1,0,0,4,1,20,1,10,0,0,0,0,0,0,0,0,0,0,0,0,0,0,0,0,0,0,0,0,0,0,0,0,0,0,0,0,0,0,0,0,0,0,0,0,0,0,0,0,0,0,0,0,0,0,0,0,0,0,0,0,0,0,0,0,0,0,0,0,0,0,0,0,0,0,0,0,0,0,0,0,0,0,0,0,0,0,0,0,0,0
"CGN6",20,17,12,23,1,0,5,2,4,9,3,0,5,15,4,0,3,0,2,2,2,0,0,0,0,0,0,3,0,0,0,0,0,2,1,4,0,0,4,7,2,1,5,0,0,0,0,0,0,0,1,0,0,0,0,0,0,0,0,0,0,0,0,0,0,0,0,0,0,0,0,0,0,0,0,0,0,0,0,0,0,0,0,0,0,0,0,0,0,0,0,0,0,0,0,0,0,0,0,0,0,0,0,0,0,0,0,0,0,0,0,0,0,0,0,0,0,0,0,0,0,0,0,0,0
"CGN7",44,9,13,24,0,0,3,5,4,1,5,1,2,19,11,0,1,0,0,5,1,0,0,0,0,0,0,2,1,0,0,0,0,0,3,2,0,0,7,0,1,0,6,0,0,0,0,1,0,0,0,0,0,0,0,0,0,0,0,0,2,0,0,0,0,0,0,0,0,0,0,0,0,0,0,0,0,0,0,0,0,0,0,0,0,0,0,0,0,0,0,0,0,0,0,0,0,0,0,0,0,0,0,0,0,0,0,0,0,0,0,0,0,0,0,0,0,0,0,0,0,0,0,0,0
"CGS1",36,7,4,10,0,0,7,4,0,2,3,4,0,2,3,0,1,0,0,0,4,0,0,0,0,0,0,0,0,0,0,0,0,0,2,0,0,0,5,0,4,0,0,0,0,0,0,0,0,0,0,0,0,0,0,0,0,0,0,0,0,0,0,0,0,0,0,0,0,0,0,0,0,0,0,0,0,0,0,0,0,0,0,0,0,0,0,0,0,0,0,0,0,0,0,0,0,0,0,0,0,0,0,0,0,0,0,0,0,0,0,0,0,0,0,0,0,0,0,0,0,0,0,0,0
"CGS2",22,4,2,10,0,0,0,3,0,5,1,2,0,4,11,0,0,0,0,0,1,0,0,0,0,0,0,0,0,0,0,0,0,4,0,1,3,0,6,0,2,0,2,0,0,0,0,0,0,0,0,0,0,0,0,0,0,0,0,0,0,0,0,0,0,0,0,0,0,0,0,0,0,0,0,0,0,0,0,0,0,0,0,0,0,0,0,0,0,0,0,0,0,0,0,0,0,0,0,0,0,0,0,0,0,0,0,0,0,0,0,0,0,0,0,0,0,0,0,0,0,0,0,0,0
"CGS3",31,12,4,5,0,0,4,14,1,4,0,0,5,8,8,0,0,0,0,0,2,0,0,0,0,0,0,1,2,0,0,0,0,2,1,1,0,0,3,0,3,0,5,0,0,0,0,0,0,0,2,0,0,0,0,0,0,0,0,0,0,2,1,0,0,0,0,0,0,0,0,0,0,0,0,0,0,0,0,0,0,0,0,0,0,0,0,0,0,0,0,0,0,0,0,0,0,0,0,0,0,0,0,0,0,0,0,0,0,0,0,0,0,0,0,0,0,0,0,0,0,0,0,0,0
"CGS4",35,29,13,22,0,0,6,4,18,4,1,1,0,15,12,0,1,1,0,4,0,1,0,0,0,0,0,2,5,1,0,0,0,5,0,2,0,0,5,0,1,0,11,0,0,0,0,0,0,0,4,0,0,0,0,0,0,0,0,0,0,2,1,0,0,0,0,0,0,0,0,0,0,0,0,0,0,0,0,0,0,0,0,0,0,0,0,0,0,0,0,0,0,0,0,0,0,0,0,0,0,0,0,0,0,0,0,0,0,0,0,0,0,0,0,0,0,0,0,0,0,0,0,0,0
"CGS5",33,11,3,10,0,0,0,5,0,7,1,1,0,9,8,0,1,0,0,0,2,0,0,0,0,1,0,0,0,0,0,0,0,1,0,3,0,0,3,0,3,0,8,0,0,0,0,0,0,0,0,0,0,0,0,0,0,0,0,0,0,0,0,0,0,0,0,0,0,0,0,0,0,0,0,0,0,0,0,0,0,0,0,0,0,0,0,0,0,0,0,0,0,0,0,0,0,0,0,0,0,0,0,0,0,0,0,0,0,0,0,0,0,0,0,0,0,0,0,0,0,0,0,0,0
"CGS6",37,17,1,9,0,0,6,4,1,1,0,0,6,4,2,0,1,0,0,0,1,0,0,0,0,0,0,1,0,2,0,0,0,1,3,0,0,0,6,3,0,0,6,0,0,0,0,0,0,0,0,0,0,0,0,0,0,0,0,0,0,0,0,0,0,0,0,0,0,0,0,0,0,0,0,0,0,0,0,0,0,0,0,0,0,0,0,0,0,0,0,0,0,0,0,0,0,0,0,0,0,0,0,0,0,0,0,0,0,0,0,0,0,0,0,0,0,0,0,0,0,0,0,0,0
"CGS7",41,6,5,17,0,0,3,2,1,5,1,5,0,7,7,0,0,0,0,0,4,0,0,0,0,0,0,0,1,0,0,0,0,0,4,0,0,0,3,1,0,0,4,0,0,0,0,0,0,0,0,0,0,0,0,0,0,0,0,0,1,1,0,0,1,0,0,0,0,0,0,0,0,0,0,0,0,0,0,0,0,0,0,0,0,0,0,0,0,0,0,0,0,0,0,0,0,0,0,0,0,0,0,0,0,0,0,0,0,0,0,0,0,0,0,0,0,0,0,0,0,0,0,0,0
"DB1",11,3,1,0,0,0,0,0,0,1,0,0,0,17,4,0,0,0,0,1,0,0,56,0,0,0,0,0,0,0,1,0,0,0,1,0,0,0,3,0,0,2,0,0,13,0,0,0,0,0,0,0,6,1,0,8,59,1,0,0,0,0,0,0,0,4,17,1,1,0,0,0,0,0,0,0,0,0,0,0,0,0,0,0,0,0,0,0,0,0,0,0,0,0,0,0,0,0,0,0,0,0,0,0,0,0,0,0,0,0,0,0,0,0,0,0,0,0,0,0,0,0,0,0,0
"DB2",16,0,0,1,0,0,0,0,0,0,0,0,0,13,3,0,0,0,0,1,0,0,5,0,0,0,0,0,0,0,0,0,0,0,0,0,0,0,2,0,0,0,0,0,6,0,0,0,0,0,0,0,0,0,0,19,25,0,0,0,0,0,0,0,0,1,2,1,0,2,1,0,0,0,0,0,0,0,0,0,0,0,0,0,0,0,0,0,0,0,0,0,0,0,0,0,0,0,0,0,0,0,0,0,0,0,0,0,0,0,0,0,0,0,0,0,0,0,0,0,0,0,0,0,0
"DB3",25,1,0,0,0,0,0,0,0,0,0,0,0,0,0,0,0,0,0,0,0,0,14,0,0,0,0,0,0,0,0,0,0,0,0,0,0,0,0,0,0,0,0,0,15,0,0,0,0,0,0,0,2,0,4,20,85,0,0,0,0,0,0,0,4,0,26,18,0,4,1,1,3,2,7,3,6,7,1,6,1,3,3,1,7,12,0,0,0,0,0,0,0,0,0,0,0,0,0,0,0,0,0,0,0,0,0,0,0,0,0,0,0,0,0,0,0,0,0,0,0,0,0,0,0
"DB4",43,7,3,2,0,0,0,0,0,1,0,0,0,4,3,0,0,0,0,0,0,0,12,0,0,0,0,0,0,0,0,0,0,0,0,0,0,0,0,0,0,0,0,0,14,1,0,0,0,0,0,0,5,0,0,8,317,0,0,0,0,8,0,0,0,0,1,22,1,1,3,0,0,0,0,0,0,3,0,0,2,1,4,0,5,33,2,5,2,3,11,0,0,0,0,0,0,0,0,0,0,0,0,0,0,0,0,0,0,0,0,0,0,0,0,0,0,0,0,0,0,0,0,0,0
"DB5",15,3,1,2,0,0,0,0,0,0,1,0,0,14,2,0,0,0,0,0,0,2,5,0,0,0,0,0,0,0,0,0,0,4,0,0,0,0,0,0,0,0,0,0,0,0,0,0,0,0,0,0,1,2,0,0,22,0,0,0,0,0,0,0,0,1,0,0,0,0,0,0,0,0,0,0,0,0,0,0,0,0,0,0,0,0,0,0,1,0,0,3,0,0,0,0,0,0,0,0,0,0,0,0,0,0,0,0,0,0,0,0,0,0,0,0,0,0,0,0,0,0,0,0,0
"DB6",25,0,0,0,0,0,0,0,0,0,0,0,0,15,1,0,0,0,0,3,0,12,3,0,0,0,0,0,0,0,0,0,0,0,0,0,0,0,0,0,0,0,0,0,8,0,0,0,0,0,0,0,3,11,4,8,442,0,2,0,0,0,0,0,2,1,2,0,0,6,0,0,0,0,0,0,0,24,0,0,0,0,0,0,0,12,0,0,0,0,6,1,0,0,0,0,0,0,0,0,0,0,0,0,0,0,0,0,0,0,0,0,0,0,0,0,0,0,0,0,0,0,0,0,0
"DB7",10,5,4,6,0,0,0,0,0,0,0,0,0,10,4,0,0,0,0,0,0,0,8,2,1,0,0,0,2,0,0,0,0,8,0,0,0,0,3,0,4,0,0,0,6,0,0,0,0,0,0,0,4,9,0,15,59,0,0,0,0,0,0,0,8,1,4,0,0,3,0,0,0,0,0,0,0,32,0,0,0,2,2,0,4,1,0,0,0,0,48,15,1,0,0,0,0,0,0,0,0,0,0,0,0,0,0,0,0,0,0,0,0,0,0,0,0,0,0,0,0,0,0,0,0
"DCH1",0,19,5,10,0,0,2,12,0,1,0,0,0,1,8,0,0,0,0,15,0,0,0,0,0,0,0,1,1,0,0,0,0,0,0,3,0,0,4,0,3,0,0,0,0,0,0,0,1,0,1,0,0,0,0,0,0,2,1,0,0,0,0,0,0,0,0,0,0,0,0,0,0,0,0,0,0,0,0,0,0,0,0,0,0,0,0,0,0,0,0,0,0,0,0,0,0,0,0,0,0,0,0,0,0,0,0,0,0,0,0,0,0,0,0,0,0,0,0,0,0,0,0,0,0
"DCH2",1,19,5,20,0,0,2,3,4,0,1,0,0,2,5,0,0,0,0,1,0,0,0,0,0,0,0,3,5,0,0,0,0,0,0,1,0,0,3,0,4,0,0,0,0,0,0,0,0,0,1,0,0,0,0,0,0,5,0,0,0,0,0,0,0,0,0,0,0,0,0,0,0,0,0,0,0,0,0,0,0,0,0,0,0,0,0,0,0,0,0,0,0,0,0,0,0,0,0,0,0,0,0,0,0,0,0,0,0,0,0,0,0,0,0,0,0,0,0,0,0,0,0,0,0
"DCH3",10,20,2,15,0,0,5,8,0,0,0,0,0,1,3,0,0,0,0,0,0,0,0,2,0,0,0,0,2,0,0,0,0,0,0,0,0,0,5,0,1,0,0,0,0,0,0,0,0,0,0,0,0,0,0,0,0,4,0,0,0,0,0,0,0,1,0,0,0,0,0,0,0,0,0,0,0,0,0,0,0,0,0,0,0,0,0,0,0,0,0,0,0,0,0,0,0,0,0,0,0,0,0,0,0,0,0,0,0,0,0,0,0,0,0,0,0,0,0,0,0,0,0,0,0
"DCH4",1,21,1,9,0,0,6,11,7,0,0,0,0,0,6,0,0,0,0,0,0,0,0,3,0,0,0,0,0,0,0,0,0,0,0,2,0,0,0,0,0,0,0,0,0,0,0,0,0,0,3,0,0,0,0,0,0,3,0,0,0,0,0,0,0,0,0,0,0,0,0,0,0,0,0,0,0,0,0,0,0,0,0,0,0,0,0,0,0,0,0,0,0,0,0,0,0,0,0,0,0,0,0,0,0,0,0,0,0,0,0,0,0,0,0,0,0,0,0,0,0,0,0,0,0
"DCH5",1,14,4,6,0,0,5,16,2,0,1,0,0,2,6,0,0,0,0,0,0,0,0,1,0,0,0,0,1,0,0,0,0,0,0,1,0,0,3,0,4,0,0,0,0,0,0,0,0,0,1,0,0,0,0,0,0,3,0,0,0,0,0,0,0,0,0,0,0,0,0,0,0,0,0,0,0,0,0,0,0,0,0,0,0,0,0,0,0,0,0,0,0,0,0,0,0,0,0,0,0,0,0,0,0,0,0,0,0,0,0,0,0,0,0,0,0,0,0,0,0,0,0,0,0
"DCH6",1,29,5,9,0,0,0,10,0,0,1,0,0,2,4,1,0,0,0,5,0,0,0,0,0,0,0,1,0,0,0,0,0,0,0,1,0,0,3,1,8,0,1,0,0,0,0,0,0,0,3,0,0,0,0,0,0,5,0,0,0,0,0,0,0,0,0,0,0,0,0,0,0,0,0,0,0,0,0,0,0,0,0,0,0,0,0,0,0,0,0,0,0,0,0,0,0,0,0,0,0,0,0,0,0,0,0,0,0,0,0,0,0,0,0,0,0,0,0,0,0,0,0,0,0
"DCM1",0,0,0,0,0,0,0,0,0,0,1,0,0,0,0,0,0,0,0,0,0,0,0,0,0,0,0,0,0,0,0,0,0,0,1,0,0,0,0,0,0,0,0,0,0,0,0,0,0,0,0,0,0,0,0,0,0,0,0,0,0,0,0,0,0,0,0,0,0,0,0,0,0,0,0,0,0,0,0,0,0,0,0,0,0,0,0,0,0,0,0,0,0,0,0,0,0,0,0,0,0,0,0,0,0,0,0,0,0,0,0,0,0,0,0,0,0,0,0,0,0,0,0,0,0
"DCM2",0,2,0,3,0,0,0,3,0,1,0,0,0,2,0,0,0,0,0,0,0,0,0,0,0,0,0,0,0,0,0,0,0,0,1,1,0,0,0,0,0,0,0,0,0,0,0,0,0,0,3,0,0,0,0,0,0,0,0,0,0,0,0,0,0,0,0,0,0,0,0,0,0,0,0,0,0,0,0,0,0,0,0,0,0,0,0,0,0,0,0,0,0,0,0,0,0,0,0,0,0,0,0,0,0,0,0,0,0,0,0,0,0,0,0,0,0,0,0,0,0,0,0,0,0
"DCM3",0,2,0,5,0,0,2,1,0,1,0,0,0,3,1,0,0,0,0,0,1,0,0,0,0,0,0,0,0,0,0,0,0,0,0,0,0,0,0,0,0,0,0,0,0,0,0,0,0,0,0,0,0,0,0,0,0,0,0,0,0,0,0,0,0,0,0,0,0,0,0,0,0,0,0,0,0,0,0,0,0,0,0,0,0,0,0,0,0,0,0,0,0,0,0,0,0,0,0,0,0,0,0,0,0,0,0,0,0,0,0,0,0,0,0,0,0,0,0,0,0,0,0,0,0
"DCM4",0,0,0,7,0,0,0,1,2,0,2,0,0,2,0,0,0,0,0,0,1,0,0,0,0,0,0,0,0,0,0,0,0,1,1,0,0,0,0,0,0,0,0,0,0,0,0,0,0,0,0,0,0,0,0,0,0,0,0,0,0,0,0,0,0,0,0,0,0,0,0,0,0,0,0,0,0,0,0,0,0,0,0,0,0,0,0,0,0,0,0,0,0,0,0,0,0,0,0,0,0,0,0,0,0,0,0,0,0,0,0,0,0,0,0,0,0,0,0,0,0,0,0,0,0
"DCM7",0,0,2,1,0,0,0,2,0,0,0,0,0,1,0,0,0,0,0,0,0,0,0,0,0,0,0,0,0,0,0,0,0,0,0,0,0,0,1,0,0,0,0,0,0,0,0,0,0,0,0,0,0,0,0,0,0,0,0,0,0,0,0,0,0,0,0,0,0,0,0,0,0,0,0,0,0,0,0,0,0,0,0,0,0,0,0,0,0,0,0,0,0,0,0,0,0,0,0,0,0,0,0,0,0,0,0,0,0,0,0,0,0,0,0,0,0,0,0,0,0,0,0,0,0
"DCM8",2,1,0,0,0,0,0,0,0,0,0,0,0,0,0,0,0,0,0,0,0,0,0,0,0,0,0,0,0,0,0,0,0,0,1,0,0,0,0,0,0,0,0,0,0,0,0,0,0,0,0,0,0,0,0,0,0,0,0,0,0,0,0,0,0,0,0,0,0,0,0,0,0,0,0,0,0,0,0,0,0,0,0,0,0,0,0,0,0,0,0,0,0,0,0,0,0,0,0,0,0,0,0,0,0,0,0,0,0,0,0,0,0,0,0,0,0,0,0,0,0,0,0,0,0
"DD1",2,22,3,3,0,3,1,5,1,1,3,2,4,17,7,0,1,0,2,0,2,0,0,0,0,0,0,2,0,0,0,0,0,7,1,5,0,0,7,0,0,0,0,0,0,0,0,0,0,0,0,0,0,33,0,0,0,0,0,0,0,0,0,0,0,0,0,0,0,0,0,0,0,0,0,0,0,0,0,0,0,0,0,0,0,0,0,0,0,0,0,0,0,0,0,0,0,0,0,0,0,0,0,0,0,0,0,0,0,0,0,0,0,0,0,0,0,0,0,0,0,0,0,0,0
"DD2",11,18,3,4,0,0,4,12,2,2,2,0,0,23,4,0,3,0,5,0,4,10,1,0,0,0,0,0,6,0,0,0,0,1,0,0,1,0,2,0,0,0,0,0,0,0,0,0,0,0,12,0,0,0,0,0,0,0,1,0,0,0,0,0,0,0,0,0,0,0,0,0,0,0,0,0,0,0,0,0,0,0,0,0,0,0,0,0,0,0,0,0,0,0,0,0,0,0,0,0,0,0,0,0,0,0,0,0,0,0,0,0,0,0,0,0,0,0,0,0,0,0,0,0,0
"DD3",16,26,8,5,0,2,3,3,1,7,1,1,5,7,3,1,3,0,0,26,1,0,0,0,0,0,3,0,1,0,0,0,0,2,2,1,0,0,2,0,1,0,5,0,0,0,0,0,0,0,4,0,1,27,0,0,0,0,0,0,0,0,0,0,0,0,0,0,0,0,0,0,0,0,0,0,0,0,0,0,0,0,0,0,0,0,0,0,2,0,0,105,0,2,2,0,0,0,0,0,0,0,0,0,0,0,0,0,0,0,0,0,0,0,0,0,0,0,0,0,0,0,0,0,0
"DD4",2,30,4,5,1,2,8,6,0,5,2,0,46,19,3,1,0,0,0,0,0,0,0,0,0,0,0,0,1,3,0,0,0,0,2,2,0,0,6,0,1,0,0,0,0,1,0,0,0,0,2,0,0,0,0,0,0,0,2,0,0,0,0,0,0,1,0,0,0,0,0,0,0,0,0,0,0,0,0,0,0,0,0,0,0,0,0,0,0,0,0,0,0,0,0,0,0,0,0,0,0,0,0,0,0,0,0,0,0,0,0,0,0,0,0,0,0,0,0,0,0,0,0,0,0
"DD5",2,19,14,1,1,1,9,9,2,4,1,0,26,16,5,23,0,0,1,4,0,0,0,0,0,0,2,1,0,0,0,0,0,0,1,3,8,2,6,0,0,0,0,0,0,0,0,0,0,0,0,0,0,0,0,0,0,0,0,0,0,0,0,0,0,0,0,0,0,0,0,0,0,0,0,0,0,0,0,0,0,0,0,0,0,0,0,0,0,0,0,0,0,0,0,0,0,0,0,0,0,0,0,0,0,0,0,0,0,0,0,0,0,0,0,0,0,0,0,0,0,0,0,0,0
"DD6",5,52,7,15,0,0,4,3,0,6,0,0,77,16,1,1,3,0,7,3,0,0,0,2,0,0,0,7,2,0,0,0,0,0,0,2,1,0,5,0,0,0,0,3,0,2,0,0,3,0,0,0,8,0,0,0,0,0,2,0,2,0,0,0,0,0,0,0,0,0,0,0,0,0,0,0,0,0,0,0,0,0,0,0,0,0,0,0,0,0,0,0,0,0,0,1,0,0,0,0,0,0,0,0,0,0,0,0,0,0,0,0,0,0,0,0,0,0,0,0,0,0,0,0,0
"DD7",4,42,5,9,1,1,2,13,0,5,1,0,1,5,5,0,0,0,0,8,0,0,0,2,0,0,0,2,3,0,0,0,0,3,1,2,0,0,3,0,8,0,2,0,0,0,0,0,6,0,1,0,0,0,0,0,0,0,3,0,0,0,0,0,0,0,0,0,0,0,0,0,0,0,0,0,0,0,0,0,0,0,0,0,0,0,0,0,0,0,0,0,0,0,0,0,2,2,0,0,0,0,0,0,0,0,0,0,0,0,0,0,0,0,0,0,0,0,0,0,0,0,0,0,0
"DD8",1,20,8,0,0,0,2,3,2,2,1,0,106,10,3,0,2,0,0,1,0,0,0,0,0,0,0,1,2,0,0,0,0,0,0,0,0,0,3,0,0,0,1,0,0,0,0,0,1,1,1,1,1,0,0,0,0,0,0,0,0,0,0,0,0,0,0,0,0,0,0,0,0,0,0,0,0,0,0,0,0,0,0,0,0,0,0,0,0,0,0,0,0,0,0,0,0,1,0,0,0,0,0,0,0,0,0,0,0,0,0,0,0,0,0,0,0,0,0,0,0,0,0,0,0
"DE1",4,19,4,8,0,0,0,6,6,0,0,0,7,8,6,0,3,0,0,0,0,0,0,0,0,0,0,0,1,0,0,0,0,0,0,1,0,0,2,2,0,0,0,0,0,0,0,0,1,0,0,0,0,0,0,0,0,0,2,0,0,0,0,0,0,0,0,0,1,0,0,0,0,0,0,0,0,0,0,0,0,0,0,0,0,0,0,0,0,0,0,0,0,0,0,0,0,0,0,0,0,0,0,0,0,0,0,0,0,0,0,0,0,0,0,0,0,0,0,0,0,0,0,0,0
"DE2",7,21,18,10,0,0,1,16,4,0,0,1,4,11,6,0,0,0,1,7,0,2,0,0,0,0,1,0,3,0,0,0,0,0,1,3,0,0,3,0,5,0,1,0,0,0,0,0,1,0,0,0,2,0,0,0,0,0,0,0,0,0,0,0,0,0,0,0,0,0,0,0,0,0,0,0,0,0,0,0,0,0,0,0,0,0,0,0,0,0,0,0,0,0,0,0,0,0,0,0,0,0,0,0,0,0,0,0,0,0,0,0,0,0,0,0,0,0,0,0,0,0,0,0,0
"DE3",10,10,6,12,0,0,2,24,5,2,0,0,6,8,3,0,0,0,0,1,0,0,0,0,0,0,0,0,1,0,0,0,0,0,0,4,0,0,5,0,1,0,0,0,0,0,0,0,1,0,0,1,0,0,0,0,0,0,0,0,0,0,0,0,0,0,0,0,0,0,0,0,0,0,0,0,0,0,0,0,0,0,0,0,0,0,0,0,0,0,0,0,0,0,0,0,0,0,0,0,0,0,0,0,0,0,0,0,0,0,0,0,0,0,0,0,0,0,0,0,0,0,0,0,0
"DE4",16,4,5,7,0,3,1,3,2,3,2,0,3,4,4,0,2,0,3,1,0,0,0,0,0,0,0,1,2,1,3,0,0,5,1,1,4,0,3,0,1,0,1,0,0,0,0,0,0,0,0,1,0,0,0,0,0,0,0,0,0,0,1,0,0,0,0,0,0,0,0,0,0,0,0,0,0,0,0,0,0,0,0,0,0,0,0,0,0,0,0,0,0,0,0,0,0,0,0,0,0,0,0,0,0,0,0,0,0,0,0,0,0,0,0,0,0,0,0,0,0,0,0,0,0
"DE5",10,8,3,15,0,1,1,4,6,2,2,0,2,3,2,0,1,0,3,2,0,0,0,0,0,1,0,1,1,0,0,0,0,0,0,0,0,1,5,1,1,0,2,0,0,0,0,0,0,0,2,0,0,0,0,0,0,0,0,0,0,0,0,2,0,0,0,0,0,0,0,0,0,0,0,0,0,0,0,0,0,0,0,0,0,0,0,0,0,0,0,0,0,0,0,0,1,0,0,0,0,0,0,0,0,0,0,0,0,0,0,0,0,0,0,0,0,0,0,0,0,0,0,0,0
"DE6",10,7,3,9,0,0,2,2,1,0,4,0,2,16,4,1,2,0,0,1,0,0,0,0,0,1,0,0,0,0,0,0,0,0,0,2,0,0,2,0,2,0,2,0,0,0,0,0,0,0,0,0,0,0,0,0,0,0,0,0,0,0,0,0,0,0,0,0,0,0,0,0,0,0,0,0,0,0,0,0,0,0,0,0,0,0,0,0,0,0,0,0,0,0,0,0,0,0,0,0,0,0,0,0,0,0,0,0,0,0,0,0,0,0,0,0,0,0,0,0,0,0,0,0,0
"DE7",2,14,4,11,0,0,6,10,6,3,2,0,4,14,6,0,2,0,0,0,1,0,0,5,0,0,0,1,1,0,0,0,0,0,0,7,0,0,4,0,0,0,3,0,0,0,0,0,0,0,4,0,0,0,0,0,0,0,0,0,0,0,0,0,0,0,0,0,0,0,0,0,0,0,0,0,0,0,0,0,0,0,0,0,0,0,0,0,0,0,0,0,0,0,0,0,0,0,0,0,0,0,0,0,0,0,0,0,0,0,0,0,0,0,0,0,0,0,0,0,0,0,0,0,0
"DE8",6,8,8,11,1,0,2,11,4,0,0,0,2,8,5,0,1,0,2,1,0,0,1,0,0,0,1,0,1,0,0,0,0,0,0,6,0,0,4,0,3,0,2,0,0,0,0,0,2,0,2,0,0,0,0,0,0,1,0,0,0,0,0,0,0,0,0,0,0,0,0,0,0,0,0,0,0,0,0,0,0,0,0,0,0,0,0,0,0,0,0,0,0,0,0,0,0,0,0,0,0,0,0,0,0,0,0,0,0,0,0,0,0,0,0,0,0,0,0,0,0,0,0,0,0
"DE9",12,10,8,3,0,0,2,8,2,0,3,0,3,5,3,0,1,0,0,5,1,0,0,0,0,0,0,0,1,0,0,0,0,0,0,4,0,0,1,0,1,0,1,0,0,1,0,0,0,0,0,0,0,0,0,0,0,0,0,0,0,0,0,0,0,0,0,0,0,0,0,0,0,0,0,0,0,0,0,0,0,0,0,0,0,0,0,0,0,0,0,0,0,0,0,0,0,0,0,0,0,0,0,0,0,0,0,0,0,0,0,0,0,0,0,0,0,0,0,0,0,0,0,0,0
"DH1",8,25,1,3,0,0,1,7,1,2,1,1,5,18,11,0,1,0,0,1,1,0,0,4,0,0,0,0,1,0,0,0,0,0,0,2,0,0,2,0,19,0,0,0,0,0,0,0,3,0,0,0,0,0,0,0,0,0,2,0,1,0,0,0,0,0,0,0,0,0,0,0,0,0,0,0,0,0,0,0,0,0,0,0,0,0,0,0,0,0,0,0,0,0,0,0,0,0,0,0,0,0,0,0,0,0,0,0,0,0,0,0,0,0,0,0,0,0,0,0,0,0,0,0,0
"DH2",7,27,2,6,0,0,6,14,5,6,0,0,29,16,6,1,2,0,2,2,2,0,0,2,0,0,0,0,5,0,0,0,0,0,0,6,0,0,3,0,1,0,0,0,0,0,0,0,0,0,1,0,0,0,0,0,0,0,3,0,0,0,0,0,0,0,0,0,0,0,0,0,0,0,0,0,0,0,0,0,0,0,0,0,0,0,0,0,0,0,0,0,0,0,0,0,0,0,0,0,0,0,0,0,0,0,0,0,0,0,0,0,0,0,0,0,0,0,0,0,0,0,0,0,0
"DH3",24,23,5,6,1,0,2,10,2,4,1,0,5,15,2,0,2,0,0,6,1,0,0,0,0,0,0,4,0,0,0,0,0,0,0,3,0,0,2,0,12,1,2,0,0,0,0,0,0,0,0,0,0,0,2,0,0,0,0,0,0,0,0,0,0,0,0,0,0,0,0,0,0,0,0,0,0,0,0,0,0,0,0,0,0,0,0,0,0,0,0,0,0,0,0,0,0,0,0,0,0,0,0,0,0,0,0,0,0,0,0,0,0,0,0,0,0,0,0,0,0,0,0,0,0
"DH4",6,16,1,2,0,1,2,4,1,1,2,0,5,13,0,2,3,0,4,0,2,0,0,0,0,0,0,0,1,0,0,0,0,0,0,0,0,0,1,0,0,0,0,0,0,0,0,0,0,0,0,0,1,0,0,0,0,0,1,0,0,0,0,0,0,0,0,0,0,0,0,0,0,0,0,0,0,0,0,0,0,0,0,0,0,0,0,0,0,0,0,0,0,0,0,0,1,0,0,0,0,0,0,0,0,0,0,0,0,0,0,0,0,0,0,0,0,0,0,0,0,0,0,0,0
"DH5",1,3,0,4,0,0,1,3,0,1,4,0,0,10,0,0,2,0,0,0,5,0,0,0,1,0,0,1,0,0,0,0,0,3,0,0,0,0,0,0,0,0,0,0,0,0,0,0,0,0,0,0,5,0,0,0,0,0,0,0,0,0,0,0,0,0,0,0,0,0,0,0,0,0,0,0,0,0,0,0,0,0,0,0,0,0,0,0,0,0,0,0,0,0,0,0,0,0,0,0,0,0,0,0,0,0,0,0,0,0,0,0,0,0,0,0,0,0,0,0,0,0,0,0,0
"DH6",5,12,0,4,0,0,20,5,0,1,6,0,0,13,2,0,3,0,1,0,2,0,0,0,0,0,0,0,0,0,0,0,0,0,0,0,1,0,0,0,9,0,0,0,0,0,0,0,0,0,1,0,0,0,0,0,0,0,1,0,0,0,0,0,0,0,0,0,0,0,0,0,0,0,0,0,0,0,0,0,0,0,0,0,0,0,0,0,0,0,0,0,0,0,0,0,0,0,0,0,0,0,0,0,0,0,0,0,0,0,0,0,0,0,0,0,0,0,0,0,0,0,0,0,0
"DH7",23,16,0,6,0,1,3,2,0,3,3,0,3,17,2,1,1,0,2,0,4,0,0,0,0,0,0,0,1,0,0,0,0,20,0,0,0,0,0,2,0,0,0,0,0,0,0,0,0,0,1,0,0,0,0,0,0,0,0,0,0,0,0,0,0,0,0,0,0,0,0,0,0,0,0,0,0,0,0,0,0,0,0,0,0,0,0,0,0,0,0,0,0,0,0,0,0,3,0,0,0,0,0,0,0,0,0,0,0,0,0,0,0,0,0,0,0,0,0,0,0,0,0,0,0
"DH8",10,16,11,7,0,0,7,10,3,2,0,1,69,27,5,0,0,1,0,0,1,0,0,1,0,0,0,3,2,1,0,0,0,0,0,1,0,0,1,0,1,1,0,0,0,0,0,0,0,0,0,0,0,0,1,0,0,0,0,0,0,0,0,0,0,0,0,0,0,0,0,0,0,0,0,0,0,0,0,0,0,0,0,0,0,0,0,0,0,0,0,0,0,0,0,0,0,0,0,0,0,0,0,0,0,0,0,0,0,0,0,0,0,0,0,0,0,0,0,0,0,0,0,0,0
"DNI1",15,23,2,2,1,0,6,12,1,1,0,0,1,9,6,0,0,0,0,1,0,0,0,4,0,0,0,3,0,1,0,0,0,0,0,1,0,0,5,0,0,0,3,3,0,0,0,0,4,0,4,5,0,0,0,0,0,1,1,0,0,0,0,0,0,0,0,0,0,0,0,0,0,0,0,0,0,0,0,0,0,0,0,0,0,0,0,0,0,0,0,0,0,0,0,0,0,0,2,0,0,0,0,0,0,0,0,0,0,0,0,0,0,0,0,0,0,0,0,0,0,0,0,0,0
"DNI2",10,11,3,2,0,0,15,3,0,0,1,0,12,3,3,2,2,0,0,0,0,0,0,3,0,0,0,0,0,0,0,0,0,0,0,6,0,0,1,0,2,0,0,3,0,0,0,0,3,0,0,0,0,0,0,0,0,1,0,0,0,0,0,0,0,0,0,0,0,0,0,0,0,0,0,0,0,0,0,0,0,0,0,0,0,0,0,0,0,0,0,0,0,0,0,0,0,0,0,0,0,0,0,0,0,0,0,0,0,0,0,0,0,0,0,0,0,0,0,0,0,0,0,0,0
"DNI3",6,48,4,2,0,0,0,7,0,3,1,0,0,5,0,0,0,0,0,1,0,0,0,6,0,0,0,2,0,0,0,0,0,0,0,0,0,0,2,0,9,0,0,0,0,0,0,0,0,0,0,0,0,0,0,0,0,4,0,0,0,3,0,0,0,0,0,0,0,0,0,4,0,0,0,0,0,0,0,0,0,0,0,0,0,0,0,0,0,0,0,0,0,0,0,0,0,0,0,0,0,0,0,0,0,0,0,0,0,0,0,0,0,0,0,0,0,0,0,0,0,0,0,0,0
"DNI4",10,48,8,8,0,0,1,18,0,1,0,0,0,1,1,0,1,0,0,2,0,0,0,6,0,0,0,0,1,0,0,0,0,0,0,1,0,0,1,0,9,0,0,0,0,0,0,0,2,0,1,0,0,0,0,0,0,0,0,0,0,5,0,0,0,0,0,0,0,0,0,0,0,0,0,0,0,0,0,0,0,0,0,0,0,0,0,0,0,0,0,0,0,0,0,0,0,0,0,1,0,0,0,0,0,0,0,0,0,0,0,0,0,0,0,0,0,0,0,0,0,0,0,0,0
"DNI5",1,17,6,3,0,0,0,1,0,1,1,0,1,5,5,1,2,0,0,2,0,0,0,7,0,0,0,1,0,0,0,0,0,0,0,1,0,0,2,0,1,0,0,0,0,1,0,0,1,0,1,0,0,0,0,0,0,3,0,0,0,0,5,0,0,0,0,0,0,0,0,0,0,0,0,0,0,0,0,0,0,0,0,0,0,0,0,0,0,0,0,0,0,0,0,0,0,0,0,0,0,0,0,0,0,0,0,0,0,0,0,0,0,0,0,0,0,0,0,0,0,0,0,0,0
"DNB1",5,10,0,0,0,0,2,2,0,0,0,0,3,4,1,0,0,1,1,4,0,0,1,0,0,0,0,1,2,0,3,0,0,0,0,0,0,0,0,0,0,0,0,0,0,0,0,0,0,0,0,1,0,0,0,0,0,0,0,0,0,0,0,0,0,0,0,0,0,0,0,0,0,0,0,0,0,0,0,0,0,0,0,0,0,0,0,0,0,0,0,0,0,0,0,0,0,0,0,0,0,0,0,0,0,0,0,0,0,0,0,0,0,0,0,0,0,0,0,0,0,0,0,0,0
"DNB2",1,5,0,0,0,0,2,0,2,0,1,0,0,4,0,0,0,0,1,0,0,0,0,0,0,0,1,1,0,0,0,0,0,0,0,0,0,0,2,0,0,0,0,0,0,0,0,0,0,0,0,0,0,0,0,0,0,0,0,0,0,0,0,0,0,0,0,0,0,0,0,0,0,0,0,0,0,0,0,0,0,0,0,0,0,0,0,0,0,0,0,0,0,0,0,0,0,0,0,0,0,0,0,0,0,0,0,0,0,0,0,0,0,0,0,0,0,0,0,0,0,0,0,0,0
"DNB3",5,5,0,4,0,0,0,1,0,1,0,0,2,6,0,0,0,0,1,0,0,0,0,0,0,0,0,0,1,0,3,0,0,0,0,0,0,0,0,0,0,0,0,0,0,0,0,0,0,0,0,0,0,0,0,0,0,0,0,0,0,0,0,0,0,0,0,0,0,0,0,0,0,0,0,0,0,0,0,0,0,0,0,0,0,0,0,0,0,0,0,0,0,0,0,0,0,0,0,0,0,0,0,0,0,0,0,0,0,0,0,0,0,0,0,0,0,0,0,0,0,0,0,0,0
"DNB4",6,8,0,1,0,0,0,0,0,2,0,0,2,10,1,0,0,1,3,0,0,0,0,0,0,0,0,0,0,0,5,0,0,0,0,0,0,0,0,0,0,0,0,0,0,0,0,0,0,0,0,0,0,0,1,0,0,0,0,0,0,0,0,0,0,0,0,0,0,0,0,0,0,0,0,0,0,0,0,0,0,0,0,0,0,0,0,0,0,0,0,0,0,0,0,0,0,0,0,0,0,0,0,0,0,0,0,0,0,0,0,0,0,0,0,0,0,0,0,0,0,0,0,0,0
"DNB5",1,1,0,0,0,0,0,0,0,0,1,0,0,2,0,0,0,0,0,0,0,0,0,0,0,0,0,1,1,0,9,0,0,0,0,0,0,0,0,0,0,0,0,0,1,0,0,0,0,0,0,0,0,8,0,3,0,0,0,0,0,0,0,0,0,0,0,1,0,2,0,0,1,0,0,0,0,1,0,0,0,0,0,0,0,0,0,0,0,0,0,0,0,0,0,0,0,0,0,0,0,0,0,0,0,0,0,0,0,0,0,0,0,0,0,0,0,0,0,0,0,0,0,0,0
"DNL1",1,16,8,15,0,0,5,10,14,0,11,2,7,19,3,0,2,0,1,1,5,0,0,2,1,0,0,0,2,1,0,0,0,0,0,3,2,0,3,0,0,0,0,0,0,0,0,0,2,0,3,0,0,0,0,0,0,0,0,0,0,0,0,0,0,0,0,0,0,0,0,0,0,0,0,0,0,0,0,0,0,0,0,0,0,0,0,0,0,0,0,0,0,0,0,0,0,0,0,0,0,0,0,0,0,0,0,0,0,0,0,0,0,0,0,0,0,0,0,0,0,0,0,0,0
"DNL2",0,15,4,18,0,1,1,5,3,1,11,0,68,11,0,0,2,0,2,1,7,0,0,0,2,0,0,1,2,2,0,0,0,0,3,2,7,0,2,0,0,0,0,0,0,0,0,0,3,0,0,0,0,0,0,0,0,0,0,0,0,0,0,0,0,0,0,0,0,0,0,0,0,0,0,0,0,0,0,0,0,0,0,0,0,0,0,0,0,0,0,0,0,0,0,0,0,0,0,0,0,0,0,0,0,0,0,0,0,0,0,0,0,0,0,0,0,0,0,0,0,0,0,0,0
"DNL3",2,17,2,5,0,1,12,5,2,1,14,1,7,27,5,1,4,0,1,2,1,0,0,0,2,0,0,0,0,0,0,0,0,0,2,1,0,0,2,0,0,0,1,0,0,0,0,0,0,0,1,0,0,0,0,0,0,0,0,0,0,0,0,0,0,0,0,0,0,0,0,0,0,0,0,0,0,0,0,0,0,0,0,0,0,0,0,0,0,0,0,0,0,0,0,0,0,0,0,0,0,0,0,0,0,0,0,0,0,0,0,0,0,0,0,0,0,0,0,0,0,0,0,0,0
"DNL4",3,8,4,10,0,0,6,0,4,2,16,0,11,19,3,0,4,0,2,0,1,0,0,0,0,0,0,1,0,2,1,0,0,10,3,2,2,3,2,0,0,0,1,0,0,0,0,0,2,0,1,0,0,0,0,0,0,0,1,0,0,0,0,0,0,0,0,0,0,0,0,0,0,0,0,0,0,0,0,0,0,0,0,0,0,0,0,0,0,0,0,0,0,0,0,0,0,0,0,0,0,0,0,0,0,0,0,0,0,0,0,0,0,0,0,0,0,0,0,0,0,0,0,0,0
"DNL5",0,6,3,3,0,0,6,12,21,0,15,0,25,23,1,0,3,0,2,0,1,0,0,0,0,0,1,1,2,0,2,0,0,0,0,6,0,0,2,0,0,0,0,0,0,0,0,0,1,3,1,1,0,0,0,0,0,0,4,0,0,0,0,0,0,0,0,0,0,0,0,0,0,0,0,0,0,0,0,0,0,0,0,0,0,0,0,0,0,0,0,0,0,0,0,0,0,0,0,0,0,0,0,0,0,0,0,0,0,0,0,0,0,0,0,0,0,0,0,0,0,0,0,0,0
"DNL6",0,14,1,3,1,1,13,11,12,5,4,2,9,12,6,0,3,0,1,0,3,0,2,0,0,0,1,1,1,0,0,0,0,0,0,4,0,0,3,0,0,0,0,1,0,2,0,0,2,0,0,0,0,0,0,0,0,0,0,0,0,0,0,0,0,0,0,0,0,0,0,0,0,0,0,0,0,0,0,0,0,0,0,0,0,0,0,0,0,0,0,0,0,0,0,0,0,0,0,0,0,0,0,0,0,0,0,0,0,0,0,0,0,0,0,0,0,0,0,0,0,0,0,0,0
"DNL7",7,21,11,0,0,0,1,19,2,1,1,0,2,2,9,0,0,0,0,2,0,3,0,0,0,0,0,1,0,0,0,0,0,0,0,3,0,0,2,1,22,0,0,0,0,0,8,1,0,0,0,1,0,0,0,0,0,3,1,1,0,100,0,0,0,0,0,0,0,0,0,2,0,0,0,0,0,0,0,0,0,0,0,0,0,0,0,0,0,0,0,0,0,0,0,0,0,0,0,2,0,0,0,0,0,0,0,0,0,0,0,0,0,0,0,0,0,0,0,0,0,0,0,0,0
"DNL8",3,13,7,3,0,0,10,29,39,0,3,0,1,1,4,0,4,0,0,1,0,0,0,0,0,0,0,0,1,0,0,0,0,1,0,0,0,1,2,0,1,0,1,0,0,0,0,0,2,0,2,0,0,0,0,0,0,0,0,0,0,0,0,0,0,0,0,0,0,0,0,0,0,0,0,0,0,0,0,0,0,0,0,0,0,0,0,0,0,0,0,0,0,0,0,0,0,0,0,0,0,0,0,0,0,0,0,0,0,0,0,0,0,0,0,0,0,0,0,0,0,0,0,0,0
"DNL9",0,12,8,32,0,0,4,11,8,3,2,0,15,5,6,0,1,0,0,1,0,2,0,0,0,0,1,0,1,0,0,0,0,0,1,4,0,0,1,1,2,0,0,0,0,0,0,0,8,0,0,0,0,0,0,0,0,0,0,0,0,0,0,0,0,0,0,0,0,0,0,0,0,0,0,0,0,0,0,0,0,0,0,0,0,0,0,0,0,0,0,0,0,0,0,0,1,0,0,0,0,0,0,0,0,0,0,0,0,0,0,0,0,0,0,0,0,0,0,0,0,0,0,0,0
"DSL1",3,6,9,14,2,0,2,35,4,0,0,2,81,10,6,0,1,0,2,1,1,3,0,0,0,0,1,2,6,0,0,0,0,0,2,0,0,0,0,0,0,0,0,1,0,1,0,0,0,0,0,0,0,0,0,0,0,0,2,0,0,0,0,0,0,0,0,0,0,0,0,0,0,0,0,0,0,0,0,0,0,0,0,0,0,0,0,0,0,0,0,0,0,0,0,0,0,0,0,0,0,0,0,0,0,0,0,0,0,0,0,0,0,0,0,0,0,0,0,0,0,0,0,0,0
"DSL2",9,14,6,16,0,1,2,21,8,7,4,3,13,11,6,0,4,0,0,2,6,0,1,0,0,0,1,0,1,0,0,0,0,0,2,6,0,0,1,0,0,0,0,0,0,0,0,1,1,1,0,0,0,0,0,0,0,0,0,4,0,0,0,0,0,0,0,0,1,0,0,0,0,0,0,0,0,0,0,0,0,0,0,0,0,0,0,0,0,0,0,0,0,0,0,0,1,0,0,0,0,0,0,0,0,0,0,0,0,0,0,0,0,0,0,0,0,0,0,0,0,0,0,0,0
"DSL3",3,7,8,13,1,2,2,11,0,2,5,0,1,12,2,3,1,0,3,4,1,0,1,4,0,0,0,2,1,0,0,0,0,0,2,1,0,0,1,0,0,0,0,0,0,0,0,0,3,0,0,0,0,0,0,0,0,0,1,0,0,0,0,0,0,0,0,0,0,0,0,0,0,0,0,0,0,0,0,0,0,0,0,0,0,0,0,0,0,0,0,0,0,0,0,0,0,0,0,0,0,0,0,0,0,0,0,0,0,0,0,0,0,0,0,0,0,0,0,0,0,0,0,0,0
"DSL4",7,14,6,7,0,0,4,9,0,0,5,0,2,12,9,0,1,0,0,2,2,0,1,0,0,0,1,0,0,0,0,0,0,0,0,0,0,0,5,1,0,1,0,1,0,2,0,0,2,0,1,0,1,0,0,0,0,0,0,0,0,0,0,0,0,0,0,0,0,0,0,0,0,0,0,0,0,0,0,0,0,0,0,0,0,0,0,0,0,0,0,0,0,0,0,0,0,0,0,0,0,0,0,0,0,0,0,0,0,0,0,0,0,0,0,0,0,0,0,0,0,0,0,0,0
"DSL5",5,4,12,4,1,0,4,9,2,0,2,0,4,15,7,2,1,0,0,2,0,0,0,0,0,0,1,2,2,1,0,0,0,0,0,1,2,0,2,0,1,0,0,2,0,1,0,0,3,0,0,0,0,0,3,0,0,0,1,0,0,0,0,0,0,0,0,0,0,0,0,0,0,0,0,0,0,0,0,0,0,0,0,0,0,0,0,0,0,0,0,0,0,0,0,0,0,0,0,0,1,0,0,0,0,0,0,0,0,0,0,0,0,0,0,0,0,0,0,0,0,0,0,0,0
"DSL6",12,4,16,11,1,0,2,12,5,1,1,0,4,5,6,0,1,0,0,0,0,0,0,3,0,0,3,2,2,0,0,0,0,0,0,7,0,0,3,0,1,0,1,0,0,1,0,0,0,0,2,0,0,0,0,0,0,0,0,0,0,0,0,0,0,0,0,0,0,0,0,0,0,0,0,0,0,0,0,0,0,0,0,0,0,0,0,0,0,0,0,0,0,0,0,1,0,0,0,0,0,0,0,0,0,0,0,0,0,0,0,0,0,0,0,0,0,0,0,0,0,0,0,0,0
"DSL7",22,23,0,0,0,0,0,6,0,0,0,0,0,0,0,0,0,0,0,1,0,0,0,0,0,0,0,0,0,0,1,0,0,0,0,0,0,0,0,0,0,0,0,0,0,0,0,0,0,0,0,0,0,0,0,0,0,1,0,2,0,50,0,0,0,0,0,0,0,0,0,0,0,0,0,0,0,0,0,0,0,0,0,0,0,0,0,0,0,0,0,0,0,0,0,0,0,0,0,12,0,0,0,0,0,0,0,0,0,0,0,0,0,0,0,0,0,0,0,0,0,0,0,0,0
"DSL8",8,32,16,5,0,0,4,31,6,2,0,0,10,0,1,0,0,0,0,2,3,0,0,12,0,0,0,1,7,0,1,0,0,0,0,2,0,0,0,0,2,0,0,0,0,0,0,0,0,0,2,0,0,0,0,0,0,0,0,0,0,34,0,0,0,0,0,0,0,0,0,0,0,0,0,0,0,0,0,0,0,0,0,0,0,0,0,0,0,0,0,0,0,0,0,0,0,0,0,2,0,0,0,0,0,0,0,0,0,0,0,0,0,0,0,0,0,0,0,0,0,0,0,0,0
"DSL9",0,5,10,18,1,1,12,24,4,0,5,0,3,6,7,2,1,1,1,3,1,0,0,0,0,0,2,2,1,1,0,0,0,0,0,4,0,0,3,0,0,0,0,3,0,0,0,0,1,0,1,0,0,0,0,0,0,0,0,0,0,0,1,0,0,0,0,0,0,0,0,0,0,0,0,0,0,0,0,0,0,0,0,0,0,0,0,0,0,0,0,0,0,0,0,0,1,0,0,0,0,0,0,0,0,0,0,0,0,0,0,0,0,0,0,0,0,0,0,0,0,0,0,0,0
"DSL10",13,4,3,8,0,1,0,6,5,0,9,1,18,14,2,1,5,0,1,0,5,0,0,0,0,3,1,0,2,0,0,0,0,1,1,0,0,0,0,0,0,0,0,0,0,0,0,0,0,0,14,0,0,0,0,0,0,0,2,0,0,0,0,0,0,0,0,0,0,0,0,0,0,0,0,0,0,0,0,0,0,0,0,0,0,0,0,0,0,0,0,0,0,0,0,0,0,0,0,0,0,0,0,0,0,0,0,0,0,0,0,0,0,0,0,0,0,0,0,0,0,0,0,0,0
"DSM1",16,9,3,9,0,0,0,8,1,0,0,0,0,4,2,0,0,0,1,15,0,0,0,0,0,0,0,0,0,0,0,0,0,0,0,1,0,0,2,0,0,0,1,0,0,1,0,0,0,0,0,0,0,0,0,0,0,1,0,0,0,0,0,0,0,0,0,0,0,0,0,0,0,0,0,0,0,0,0,0,0,0,0,0,0,0,0,0,0,0,0,0,0,0,0,0,0,0,0,0,0,0,0,0,0,0,0,0,0,0,0,0,0,0,0,0,0,0,0,0,0,0,0,0,0
"DSM2",2,5,1,6,0,0,0,8,0,2,0,0,0,1,5,2,0,0,0,8,0,0,0,0,0,0,0,4,0,0,0,0,0,0,0,0,0,0,1,0,9,2,1,0,0,0,0,0,0,0,0,0,0,0,0,0,0,2,0,0,0,14,1,0,0,0,0,0,0,0,0,0,0,0,0,0,0,0,0,0,0,0,0,0,0,0,0,0,0,0,0,0,7,0,0,0,1,0,0,4,0,6,0,0,0,0,0,0,0,0,0,0,0,0,0,0,0,0,0,0,0,0,0,0,0
"DSM3",3,5,4,0,0,0,0,4,0,0,0,0,0,5,2,0,0,0,0,0,0,3,0,0,0,0,0,0,0,0,2,0,0,0,0,1,0,0,0,0,10,0,1,0,0,0,0,0,0,0,0,0,0,2,0,0,0,11,0,0,0,20,0,0,0,0,0,0,0,0,0,0,0,0,0,0,0,0,0,0,0,0,0,0,0,0,0,0,0,0,0,0,0,0,0,0,0,0,0,8,0,0,0,0,0,0,0,0,0,0,0,0,0,0,0,0,0,0,0,0,0,0,0,0,0
"DSM4",0,15,5,3,1,0,2,4,0,1,2,0,6,26,9,0,0,0,0,4,0,0,0,0,0,0,0,1,0,0,0,0,0,0,0,3,0,0,2,0,14,0,0,0,0,0,0,0,1,0,0,0,0,0,0,0,0,0,2,0,0,0,1,0,0,0,0,0,0,0,0,0,0,0,0,0,0,0,0,0,0,0,0,0,0,0,0,0,0,0,0,0,0,0,0,0,0,0,0,0,2,2,1,0,0,0,0,0,0,0,0,0,0,0,0,0,0,0,0,0,0,0,0,0,0
"DSM5",5,4,7,4,0,0,0,6,0,0,0,0,2,12,8,0,0,0,0,0,0,0,0,0,0,0,2,3,1,0,0,0,0,0,0,0,0,0,2,0,6,0,2,2,0,1,0,0,0,0,0,0,0,0,0,0,0,1,0,0,0,0,0,0,0,0,0,0,0,0,0,0,0,0,0,0,0,0,0,0,0,0,0,0,0,0,0,0,0,0,0,0,0,0,0,0,0,4,0,0,1,0,0,0,0,0,0,0,0,0,0,0,0,0,0,0,0,0,0,0,0,0,0,0,0
"DSM6",9,14,3,2,0,0,1,7,1,0,0,0,0,2,9,2,1,0,1,0,0,0,0,0,0,0,0,3,6,1,0,0,0,0,0,0,0,0,4,0,0,0,0,0,0,0,0,0,0,0,0,2,0,0,1,0,0,0,0,0,0,0,1,0,0,0,0,0,0,0,0,0,0,0,0,0,0,0,0,0,0,0,0,0,0,0,0,0,0,0,0,0,0,0,0,0,0,0,0,0,0,0,0,0,0,0,0,0,0,0,0,0,0,0,0,0,0,0,0,0,0,0,0,0,0
"DSM7",52,13,15,4,1,0,0,9,0,1,0,0,0,6,9,0,0,0,0,2,0,0,0,3,0,0,0,3,1,0,5,0,1,0,0,0,0,0,1,0,7,0,1,0,0,0,0,0,0,0,0,1,0,0,0,0,0,7,0,1,0,0,1,0,0,0,0,0,0,0,0,0,0,0,0,0,0,0,0,0,0,0,0,0,0,0,0,0,0,0,0,0,0,0,0,0,0,2,0,1,1,0,0,0,0,0,0,0,0,0,0,0,0,0,0,0,0,0,0,0,0,0,0,0,0
"DSM8",4,31,5,3,0,0,0,5,0,0,0,0,0,10,7,0,0,0,0,0,0,8,0,0,0,0,0,2,0,0,1,0,0,0,0,0,0,0,3,0,2,0,1,0,0,0,0,0,0,1,0,1,0,0,1,0,0,11,0,0,0,0,1,0,0,0,0,0,0,0,0,0,0,0,0,0,0,0,0,0,0,0,0,0,0,0,0,0,0,0,0,0,1,0,0,0,0,0,0,7,0,0,0,0,0,0,0,0,0,0,0,0,0,0,0,0,0,0,0,0,0,0,0,0,0
"DSM9",13,27,3,14,1,0,3,1,13,1,0,1,2,6,4,0,0,0,0,2,1,0,0,2,0,0,0,1,4,0,0,0,0,0,0,3,0,0,2,0,0,0,3,0,0,0,0,0,2,0,1,0,0,0,0,0,0,2,0,0,0,0,0,0,0,0,0,0,1,0,0,0,0,0,0,0,0,0,0,0,0,0,0,0,0,0,0,0,0,0,0,0,0,0,0,0,0,0,0,0,0,0,0,0,0,0,0,0,0,0,0,0,0,0,0,0,0,0,0,0,0,0,0,0,0
"DW1",4,13,2,9,1,0,3,2,0,0,18,3,0,18,3,0,10,0,2,4,3,0,0,0,0,0,0,1,1,0,0,0,0,0,2,0,0,0,5,0,0,0,0,0,0,0,0,0,0,1,1,1,1,0,0,0,0,0,4,0,0,0,0,0,0,0,0,0,0,0,0,0,0,0,0,0,0,0,0,0,0,0,0,0,0,0,0,0,0,0,0,0,0,0,0,0,0,0,0,0,0,0,0,0,0,0,0,0,0,0,0,0,0,0,0,0,0,0,0,0,0,0,0,0,0
"DW2",3,17,4,15,0,0,5,6,0,1,9,1,16,33,3,0,10,0,10,3,2,0,1,0,0,0,0,0,1,0,0,0,0,0,1,1,0,0,0,0,0,0,0,0,0,0,0,0,0,0,0,1,0,0,0,0,0,0,1,0,0,0,0,0,0,0,0,0,0,0,0,0,0,0,0,0,0,0,0,0,0,0,0,0,0,0,0,0,0,0,0,0,0,0,0,0,0,0,0,0,0,0,0,0,0,0,0,0,0,0,0,0,0,0,0,0,0,0,0,0,0,0,0,0,0
"DW3",5,12,1,11,0,1,0,1,0,2,9,0,64,39,3,1,6,0,3,2,3,0,1,0,0,0,1,0,0,1,0,0,0,0,2,2,0,2,2,0,0,0,0,0,0,0,0,0,0,0,1,1,0,0,0,0,0,0,4,0,0,0,0,0,0,0,0,0,0,0,0,0,0,0,0,0,0,0,0,0,0,0,0,0,0,0,0,0,0,0,0,0,0,0,0,0,0,0,0,0,0,0,0,0,0,0,0,0,0,0,0,0,0,0,0,0,0,0,0,0,0,0,0,0,0
"DW4",17,28,4,10,0,0,3,2,0,0,9,1,40,18,2,1,4,0,2,4,2,0,2,0,0,0,0,0,4,4,0,0,0,0,1,1,0,0,0,0,0,0,0,0,0,0,0,0,0,0,1,0,0,5,0,0,0,0,1,0,0,0,0,0,0,0,0,0,0,0,0,0,0,0,0,0,0,0,0,0,0,0,0,0,0,0,0,0,0,0,0,0,0,0,0,0,0,0,0,0,0,0,0,1,0,0,0,0,0,0,0,0,0,0,0,0,0,0,0,0,0,0,0,0,0
"DW5",10,9,4,18,1,0,1,1,4,2,4,2,11,21,0,1,6,0,1,1,5,0,0,0,0,0,0,0,4,1,0,0,0,0,4,0,0,0,3,0,0,0,0,0,0,0,0,0,0,1,0,0,0,4,0,0,0,0,1,0,0,0,0,0,0,0,0,0,0,0,0,0,0,0,0,0,0,0,0,0,0,0,0,0,0,0,0,0,0,0,0,0,0,0,0,0,0,0,0,0,0,0,0,0,0,0,0,0,0,0,0,0,0,0,0,0,0,0,0,0,0,0,0,0,0
"DW6",31,16,8,9,0,4,13,1,1,3,9,4,50,25,2,1,5,0,3,8,3,0,0,0,0,0,0,0,2,0,0,0,0,15,4,3,0,0,6,0,0,0,0,0,0,0,0,0,0,0,0,0,3,2,0,0,0,0,1,0,0,0,0,0,0,0,0,0,0,0,0,0,0,0,0,0,0,0,0,0,0,0,0,0,0,0,0,0,0,0,0,0,0,0,0,0,0,0,0,0,0,0,0,0,0,0,0,0,0,0,0,0,0,0,0,0,0,0,0,0,0,0,0,0,0
"DW7",23,22,2,13,0,4,6,6,0,3,2,0,13,24,2,0,2,0,0,8,6,0,0,0,0,0,0,0,0,1,0,0,0,0,2,1,0,0,2,0,0,0,0,0,0,0,0,0,0,0,0,1,1,0,0,0,0,0,1,0,0,0,0,0,0,1,0,0,0,0,0,0,0,0,0,0,0,0,0,0,0,0,0,0,0,0,0,0,0,0,0,0,0,0,0,1,0,0,0,0,0,0,0,0,0,0,0,0,0,0,0,0,0,0,0,0,0,0,0,0,0,0,0,0,0
"GEM1",43,0,1,1,0,0,0,0,0,0,0,0,0,0,0,0,0,0,0,0,0,0,0,0,0,0,0,0,0,0,2,0,0,6,0,0,0,0,0,0,0,0,0,0,0,0,0,0,0,0,0,0,0,2,1,0,0,0,0,0,0,29,0,0,0,0,0,0,0,0,0,3,0,0,0,0,0,0,0,0,0,0,0,0,0,0,0,0,0,0,0,0,0,0,0,0,0,0,0,0,0,0,0,0,2,0,0,0,0,0,0,0,0,0,0,0,0,0,0,0,0,0,0,0,0
"GEM2",27,4,3,1,0,0,0,0,0,0,0,0,0,5,0,0,0,0,0,0,0,0,0,0,0,0,0,0,0,0,0,0,0,0,0,0,0,0,3,0,1,0,1,0,0,0,0,0,0,0,0,0,0,0,0,0,0,0,0,0,0,2,5,0,0,0,0,0,0,0,0,2,0,0,0,0,0,0,0,0,0,0,0,0,0,0,0,0,0,0,0,0,0,0,0,0,0,0,0,0,0,0,0,0,0,0,0,0,0,0,0,0,0,0,0,0,0,0,0,0,0,0,0,0,0
"GEM3",36,12,2,7,0,0,0,2,0,2,0,0,0,33,0,0,0,0,0,1,0,0,0,0,0,0,0,0,4,0,0,0,0,0,1,0,0,0,0,1,15,0,0,0,0,0,0,0,0,0,0,0,0,19,0,0,0,3,0,0,0,0,3,0,0,0,0,0,0,0,0,0,0,0,0,0,0,0,0,0,0,0,0,0,0,0,0,0,3,0,0,0,0,0,0,0,0,0,0,0,0,0,0,0,0,0,0,0,0,0,0,0,0,0,0,0,0,0,0,0,0,0,0,0,0
"GEM4",17,0,3,16,0,0,0,4,12,0,0,0,0,25,2,0,0,0,0,0,0,16,0,6,0,0,0,0,7,0,0,0,0,0,0,0,0,0,2,1,0,0,0,0,0,0,0,0,0,0,0,0,0,9,0,0,0,6,0,0,0,0,21,0,0,0,0,0,0,0,0,1,0,0,0,0,0,0,0,0,0,0,0,0,0,0,0,0,0,0,0,0,0,0,0,0,0,0,0,0,0,0,0,0,0,1,0,0,0,0,0,0,0,0,0,0,0,0,0,0,0,0,0,0,0
"GEM5",22,16,5,36,0,0,1,5,7,5,0,0,0,13,6,0,0,0,0,0,3,0,0,0,0,0,0,0,1,0,0,0,0,0,2,0,0,0,6,0,2,0,7,0,0,1,0,0,0,0,0,0,0,0,0,0,0,9,0,0,0,6,3,0,0,0,0,0,0,0,0,0,0,0,0,0,0,0,0,0,0,0,0,0,0,0,0,0,0,0,0,0,0,0,0,0,0,0,0,0,0,0,0,0,0,0,0,0,0,0,0,0,0,0,0,0,0,0,0,0,0,0,0,0,0
"GEM6",28,6,2,6,0,0,0,0,0,4,0,0,0,14,4,0,0,0,0,0,0,0,0,0,0,0,0,0,1,0,0,0,0,0,0,0,0,0,3,1,2,0,0,0,0,0,0,0,0,0,0,0,0,0,0,0,0,0,0,8,0,1,2,0,0,0,0,0,0,0,0,0,0,0,0,0,0,0,0,0,0,0,0,0,0,0,0,0,0,0,0,0,0,0,0,0,0,0,0,0,0,0,0,0,0,0,0,0,0,0,0,0,0,0,0,0,0,0,0,0,0,0,0,0,0
"GEM7",73,0,0,0,0,0,0,0,0,0,0,0,0,5,0,0,0,0,0,0,0,0,1,0,0,0,0,0,0,0,21,0,0,0,0,0,0,0,0,0,0,0,0,0,61,0,83,0,0,0,0,0,0,154,4,2,3,0,0,0,0,11,0,0,0,0,62,21,14,13,0,44,0,0,0,0,0,3,0,1,0,0,0,0,0,0,0,91,14,1,0,303,0,0,0,0,0,0,0,0,0,0,0,2700,14,0,3,13,1,0,0,0,0,0,0,0,0,0,0,0,0,0,0,0,0
"GGM1",25,18,6,13,0,0,10,11,6,0,0,1,4,16,0,0,2,0,0,0,5,1,1,0,0,0,0,1,0,0,0,0,0,0,1,4,0,0,3,0,0,0,1,0,0,0,0,0,0,0,0,0,0,0,0,0,0,0,0,2,0,0,0,0,0,0,0,0,0,0,0,0,0,0,0,0,0,0,0,0,0,0,0,0,0,0,0,0,0,0,0,0,0,0,0,0,0,0,0,0,0,0,0,0,0,0,0,0,0,0,0,0,0,0,0,0,0,0,0,0,0,0,0,0,0
"GGM2",21,7,6,7,0,0,2,6,1,1,1,1,1,14,3,0,1,0,0,0,1,0,0,0,0,0,0,1,0,0,0,0,0,2,1,2,0,0,3,0,1,0,1,0,0,0,0,0,0,0,0,0,0,0,1,0,0,0,0,0,0,0,0,0,0,0,0,0,0,0,0,0,0,0,0,0,0,0,0,0,0,0,0,0,0,0,0,0,0,0,0,0,0,0,0,0,0,0,0,0,0,0,0,0,0,0,0,0,0,0,0,0,0,0,0,0,0,0,0,0,0,0,0,0,0
"GGM3",6,0,0,0,0,0,0,0,0,0,0,0,0,0,0,0,0,0,0,0,0,0,6,0,0,0,0,0,0,0,28,0,0,0,0,0,0,0,0,0,2,0,0,0,8,0,0,0,0,0,0,0,6,5,1,2,9,3,0,184,0,0,0,0,3,1,0,3,1,0,0,0,2,0,0,0,0,8,0,0,0,0,0,0,1,0,0,8,0,0,0,0,0,0,0,0,0,0,0,0,0,0,0,0,0,0,0,0,0,0,0,0,0,0,0,0,0,0,0,0,0,0,0,0,0
"GGM4",82,0,1,0,0,0,0,2,0,0,0,0,1,1,0,0,0,0,0,0,0,0,3,0,0,0,0,0,0,0,5,0,0,0,0,0,0,0,0,0,0,0,0,0,1,0,0,0,0,0,0,0,0,0,1,2,1,1,0,36,0,0,0,0,1,1,10,2,1,0,0,0,0,0,0,0,0,3,0,0,0,0,0,0,1,1,0,8,0,0,0,0,0,0,0,0,0,0,0,0,0,0,0,0,0,0,0,0,0,1,0,0,0,0,0,0,0,0,0,0,0,0,0,0,0
"GGM5",33,4,12,10,0,0,0,4,0,1,0,0,0,15,5,0,0,0,0,2,0,17,1,0,0,0,0,0,1,0,1,0,0,0,1,0,0,0,5,0,11,0,0,0,0,4,0,0,0,0,0,0,0,0,1,0,0,1,0,0,0,0,0,0,0,0,0,0,0,0,0,0,0,0,0,0,0,0,0,0,0,0,0,0,0,0,0,0,0,1,0,0,0,0,0,0,0,0,0,0,0,0,0,0,0,0,0,0,0,0,0,0,0,0,0,0,0,0,0,0,0,0,0,0,0
"GGM6",12,2,2,2,0,0,0,3,0,3,0,2,0,18,4,0,0,0,0,0,0,0,1,11,0,0,0,0,1,0,1,0,0,2,1,0,0,0,1,0,20,0,0,1,0,0,0,0,0,0,0,0,4,209,0,0,0,1,0,7,0,0,0,0,0,0,0,0,1,1,0,0,0,0,0,0,0,0,0,0,2,0,0,0,0,0,0,0,3,0,0,185,0,1,0,0,0,0,0,0,0,0,0,0,0,0,0,0,0,0,1,0,0,0,0,0,0,0,0,0,0,0,0,0,0
"LFM1",18,0,0,0,0,0,0,0,0,0,0,0,0,0,0,0,0,0,0,0,0,0,5,0,0,0,0,0,0,0,2,0,0,0,0,0,0,0,0,0,0,0,0,0,0,0,0,0,0,0,0,0,2,142,2,0,0,0,0,0,0,0,0,0,0,0,0,2,1,10,0,0,0,0,0,0,0,0,0,0,0,0,0,0,0,0,0,5,9,11,0,120,0,0,0,0,0,0,0,0,0,0,0,0,1,0,0,0,0,0,1,1,0,0,0,0,0,0,0,0,0,0,0,0,0
"LFM2",37,4,4,6,0,0,0,15,1,0,0,0,0,10,0,0,0,0,0,1,0,0,0,1,0,0,0,0,0,0,0,0,0,0,1,2,0,0,0,0,2,0,1,0,0,0,0,0,0,2,0,0,0,0,2,0,0,0,0,0,0,0,0,0,0,0,0,0,0,0,0,0,0,0,0,0,0,0,0,0,0,0,0,0,0,0,0,0,0,0,0,0,0,0,0,0,0,0,0,0,0,0,0,0,0,0,0,0,0,0,0,0,0,0,0,0,0,0,0,0,0,0,0,0,0
"LN1",4,3,1,2,0,0,6,1,6,2,1,0,0,1,0,0,0,0,0,0,3,0,0,0,0,0,0,0,0,0,0,0,0,0,0,0,0,0,0,0,3,0,0,0,0,0,0,0,0,0,0,0,0,0,0,0,0,0,0,0,0,0,0,0,0,0,0,0,0,0,0,0,0,0,0,0,0,0,0,0,0,0,0,0,0,0,0,0,0,0,0,0,0,0,0,0,0,0,0,0,0,0,0,0,0,0,0,0,0,0,0,0,0,0,0,0,0,0,0,0,0,0,0,0,0
"LN2",2,0,4,1,0,0,6,3,11,2,0,0,0,0,0,0,0,0,0,0,0,0,0,1,0,0,0,0,0,0,0,0,0,0,0,2,0,0,0,0,1,0,0,0,0,0,0,0,0,0,0,0,0,0,0,0,0,0,0,0,0,0,0,0,0,0,0,0,0,0,0,0,0,0,0,0,0,0,0,0,0,0,0,0,0,0,0,0,0,0,0,0,0,0,0,0,0,0,0,0,0,0,0,0,0,0,0,0,0,0,0,0,0,0,0,0,0,0,0,0,0,0,0,0,0
"LN3",5,2,4,3,0,0,2,4,12,2,1,0,0,1,1,0,0,0,0,0,3,0,0,0,0,0,0,0,0,0,0,0,0,0,0,5,0,0,0,0,2,0,0,0,0,0,0,0,0,0,0,0,0,0,0,0,0,0,0,0,0,0,0,0,0,0,0,0,0,0,0,0,0,0,0,0,0,0,0,0,0,0,0,0,0,0,0,0,0,0,0,0,0,0,0,0,0,0,0,0,0,0,0,0,0,0,0,0,0,0,0,0,0,0,0,0,0,0,0,0,0,0,0,0,0
"LN4",10,4,3,15,0,0,1,5,5,4,0,0,0,0,0,0,0,0,0,0,0,0,0,0,0,0,0,0,1,0,0,0,0,0,0,1,0,0,0,0,3,0,0,0,0,0,0,0,0,0,0,0,0,0,0,0,0,0,0,0,0,0,0,0,0,0,0,0,0,0,0,0,0,0,0,0,0,0,0,0,0,0,0,0,0,0,0,0,0,0,0,0,0,0,0,0,0,0,0,0,0,0,0,0,0,0,0,0,0,0,0,0,0,0,0,0,0,0,0,0,0,0,0,0,0
"LN5",9,0,3,3,0,0,1,0,8,0,1,0,0,1,0,0,0,0,0,0,0,0,0,0,0,0,0,0,0,0,0,0,0,0,0,2,0,0,0,0,2,0,0,0,0,0,0,0,0,0,0,0,0,0,0,0,0,0,0,0,0,0,0,0,0,0,0,0,0,0,0,0,0,0,0,0,0,0,0,0,0,0,0,0,0,0,0,0,0,0,0,0,0,0,0,0,0,0,0,0,0,0,0,0,0,0,0,0,0,0,0,0,0,0,0,0,0,0,0,0,0,0,0,0,0
"LN6",4,1,0,4,0,0,19,3,24,0,0,0,0,0,0,0,0,0,0,0,5,0,0,0,0,0,0,0,0,0,0,0,0,0,0,2,0,0,0,0,0,0,0,0,0,0,0,0,0,0,0,0,0,0,0,0,0,0,0,0,0,0,0,0,0,0,0,0,0,0,0,0,0,0,0,0,0,0,0,0,0,0,0,0,0,0,0,0,0,0,0,0,0,0,0,0,0,0,0,0,0,0,0,0,0,0,0,0,0,0,0,0,0,0,0,0,0,0,0,0,0,0,0,0,0
"LS1",14,5,12,13,0,0,10,17,8,1,0,0,5,8,11,0,3,0,0,2,3,0,0,0,0,0,1,0,0,0,0,0,0,0,0,12,0,0,5,2,2,0,0,0,0,0,0,0,15,0,0,1,0,0,0,0,0,0,0,0,0,0,0,0,0,0,0,0,0,0,0,0,0,0,0,0,0,0,0,0,0,0,0,0,0,0,0,0,0,0,0,0,0,0,0,0,0,0,0,0,0,0,0,0,0,0,0,0,0,0,0,0,0,0,0,0,0,0,0,0,0,0,0,0,0
"LS2",63,5,3,15,0,0,5,12,4,1,0,0,10,3,7,0,0,0,0,3,3,3,0,0,0,0,0,0,0,0,0,0,0,4,0,11,0,0,1,0,19,0,5,0,0,0,0,0,0,0,0,0,0,0,0,0,0,2,0,0,0,0,0,0,0,0,0,0,0,0,0,0,0,0,0,0,0,0,0,0,0,0,0,0,0,0,0,0,0,0,0,0,0,0,0,0,0,0,0,0,0,0,0,0,0,0,0,0,0,0,0,0,0,0,0,0,0,0,0,0,0,0,0,0,0
"LS3",28,1,4,10,0,0,7,10,2,0,1,0,3,17,12,0,0,0,0,0,2,1,2,0,0,0,0,1,0,0,0,0,0,1,1,2,0,0,3,1,4,0,1,0,0,0,0,0,3,0,1,0,0,0,1,0,0,0,3,0,0,0,0,0,0,0,0,0,0,0,0,0,0,0,0,0,0,0,0,0,0,0,0,0,0,0,0,0,0,0,0,0,0,0,0,0,0,0,0,0,0,0,0,0,0,0,0,0,0,0,0,0,0,0,0,0,0,0,0,0,0,0,0,0,0
"LS4",4,4,3,19,0,0,9,23,5,1,6,0,54,12,13,2,0,0,4,0,2,0,0,0,0,0,0,0,2,0,0,0,0,0,1,9,0,0,9,0,8,0,2,0,0,1,0,0,4,0,5,0,0,0,0,0,0,0,0,0,0,0,0,0,0,0,0,0,0,0,0,0,0,0,0,0,0,0,0,0,0,0,0,0,0,0,0,0,0,0,0,0,0,0,0,0,0,0,0,0,0,0,0,0,0,0,0,0,0,0,0,0,0,0,0,0,0,0,0,0,0,0,0,0,0
"LS5",1,2,6,18,0,0,13,19,6,1,10,0,13,13,11,0,1,0,1,4,3,0,0,0,0,0,0,0,0,0,0,0,0,2,0,10,0,0,3,1,2,0,3,0,0,0,0,0,7,0,0,0,0,0,0,0,0,0,0,0,0,0,0,0,0,0,0,0,0,0,0,0,0,0,0,0,0,0,0,0,0,0,0,0,0,0,0,0,0,0,0,0,0,0,0,0,0,0,0,0,0,0,0,0,0,0,0,0,0,0,0,0,0,0,0,0,0,0,0,0,0,0,0,0,0
"MB1",7,75,2,4,0,0,0,0,0,0,0,0,0,13,14,1,0,0,0,3,0,1,0,1,0,0,0,0,1,0,0,0,0,2,0,0,0,0,1,0,30,0,0,0,0,3,3,0,0,0,0,0,0,2,0,0,0,0,0,0,0,0,0,0,0,0,0,0,1,0,0,0,0,0,0,0,0,0,0,0,0,0,0,0,0,0,0,0,0,0,0,0,2,1,0,0,0,0,0,0,0,0,0,0,0,0,0,0,0,0,0,0,0,0,0,0,0,0,0,0,0,0,0,0,0
"MB2",12,21,5,19,0,0,0,7,0,0,0,0,0,1,6,0,2,0,0,0,0,0,0,0,0,0,0,0,0,0,0,0,0,0,0,0,0,0,7,0,9,0,0,0,0,0,0,0,0,0,1,0,0,3,0,0,0,0,0,0,0,0,0,0,0,0,0,0,2,0,0,0,0,0,0,0,0,0,0,0,0,0,0,0,0,0,0,0,0,0,0,0,0,0,0,0,0,0,0,0,0,0,0,0,0,0,0,0,0,0,0,0,0,0,0,0,0,0,0,0,0,0,0,0,0
"MB3",34,8,0,6,0,0,0,7,0,0,0,0,0,5,2,0,0,0,0,2,0,1,0,0,0,0,0,0,0,0,0,0,0,5,0,0,0,0,1,1,3,0,0,0,0,0,4,0,0,0,0,0,0,0,0,0,10,0,0,0,0,0,0,0,0,0,0,0,0,0,0,7,0,0,0,0,0,0,0,0,0,0,0,0,0,0,0,30,0,0,0,0,0,0,0,0,0,0,0,1,0,0,0,0,0,0,0,0,0,0,0,0,2,0,0,0,0,0,0,0,0,0,0,0,0
"MB4",19,7,3,7,0,0,0,18,1,1,0,0,0,3,4,0,0,0,0,4,0,0,0,1,0,0,0,0,0,1,0,0,0,1,0,1,0,0,5,0,13,0,0,0,0,0,3,0,0,0,0,0,0,0,0,0,0,0,0,0,0,8,0,0,0,0,0,0,1,0,0,1,0,0,0,0,0,0,0,0,0,0,0,0,0,0,0,0,0,0,0,0,0,0,0,0,0,0,0,2,0,0,0,0,0,0,0,0,0,0,0,0,0,1,0,0,0,0,0,0,0,0,0,0,0
"MB5",24,2,8,3,0,0,0,7,0,0,0,0,0,2,4,0,0,0,0,1,0,1,0,0,0,0,0,0,0,0,0,0,0,2,0,0,0,0,2,0,6,0,0,0,0,0,1,0,0,0,0,0,0,1,0,0,0,1,0,0,0,0,0,0,0,0,0,0,5,0,0,2,0,0,0,0,0,0,0,0,0,0,0,0,0,0,0,11,0,0,0,0,0,0,0,0,0,0,0,0,0,0,0,0,0,0,0,0,0,0,0,0,0,0,0,0,0,0,0,0,0,0,0,0,0
"MB6",46,0,2,15,0,0,0,4,0,0,0,0,0,8,5,0,0,0,0,3,0,0,0,1,0,1,0,0,0,0,0,0,0,2,0,0,0,0,4,2,15,0,0,0,0,0,15,0,0,0,0,0,0,2,0,0,0,0,0,0,0,0,0,0,0,0,0,0,0,0,0,0,0,0,0,0,0,0,0,0,0,0,0,0,0,0,0,0,4,0,0,0,0,4,0,0,0,0,0,0,0,0,0,0,0,0,0,0,0,0,0,0,0,0,0,0,0,0,0,0,0,0,0,0,0
NA,5,13,9,22,0,0,0,3,0,1,0,0,0,21,15,0,0,0,1,30,0,2,0,1,0,0,0,1,3,0,0,0,0,11,2,0,0,0,4,0,4,0,0,1,0,3,8,0,0,0,0,0,1,9,0,0,0,0,0,0,0,0,1,0,0,0,0,0,0,2,0,0,0,0,0,0,0,0,0,0,0,0,0,0,0,0,0,0,2,0,0,0,15,2,0,0,0,0,0,0,2,0,0,1,0,0,1,0,0,0,0,0,0,0,4,7,2,0,0,0,0,0,0,0,0
NA,4,4,17,20,0,0,0,4,0,0,2,0,4,9,9,0,0,0,0,11,0,11,0,3,0,0,0,0,0,0,0,0,0,2,0,0,0,0,2,0,4,1,0,0,0,3,0,0,0,0,0,0,0,0,0,0,0,0,0,0,0,0,5,0,0,1,0,0,0,0,0,0,0,0,0,0,0,0,0,0,0,0,0,0,0,0,0,0,0,0,0,0,3,5,0,0,0,0,0,0,0,0,0,0,0,0,0,0,0,0,0,0,0,1,0,1,0,0,0,0,0,0,0,0,0
"MM1",24,4,4,8,0,0,0,6,0,0,1,0,0,9,10,0,0,0,0,0,0,1,0,0,0,0,0,0,3,0,0,0,0,0,0,0,0,0,1,0,1,0,0,0,0,1,0,0,0,0,0,0,0,4,0,0,0,0,0,0,0,0,0,0,0,0,0,0,0,0,0,0,0,0,0,0,0,0,0,0,0,0,0,0,0,0,0,0,0,0,0,0,0,0,0,0,0,0,0,0,0,0,0,0,0,0,0,0,0,0,0,0,0,0,0,0,0,0,0,0,0,0,0,0,0
"MM2",39,25,2,7,0,0,1,10,0,0,0,0,0,1,0,0,0,0,0,0,0,0,0,1,0,0,0,0,0,0,0,0,0,0,0,0,0,0,0,0,0,0,0,0,0,0,22,0,1,0,0,0,0,0,0,0,0,0,0,0,0,0,0,0,0,0,0,0,0,0,0,0,0,0,0,0,0,0,0,0,0,0,0,0,0,0,0,0,0,0,0,0,0,0,0,0,0,0,0,0,0,0,0,0,0,0,0,0,0,0,0,0,0,0,0,0,0,0,0,0,0,0,0,0,0
"MM3",11,33,3,12,0,0,0,5,0,2,0,0,0,2,3,0,0,0,1,8,0,2,0,0,0,0,0,0,2,0,0,0,0,1,3,0,0,0,1,0,16,0,0,0,0,1,1,0,0,0,1,0,0,0,0,0,0,0,0,0,1,0,0,0,0,0,0,0,0,0,0,0,0,0,0,0,0,0,0,0,0,0,0,0,0,0,0,0,0,0,0,0,0,1,0,0,0,0,0,1,0,0,0,0,0,0,0,0,0,0,0,0,0,0,0,0,0,3,0,0,0,0,0,0,0
"MM4",11,16,3,11,0,0,0,3,0,1,0,0,0,5,8,1,0,0,0,2,0,0,0,0,0,0,0,0,2,0,0,0,0,1,2,0,0,0,5,0,9,0,0,0,0,0,7,0,0,0,0,0,0,0,0,0,0,0,0,0,0,12,0,0,0,0,0,0,0,0,0,0,0,0,0,0,0,0,0,0,0,0,0,0,0,0,0,4,0,0,0,0,0,0,0,0,0,0,0,0,1,0,0,0,0,0,0,0,0,0,0,0,0,0,0,0,0,0,0,0,0,0,0,0,0
"MM5",8,108,6,7,0,0,0,4,1,3,0,0,0,1,5,0,0,0,0,12,0,5,0,23,0,0,0,0,2,0,1,0,0,4,0,0,0,0,5,0,14,0,0,0,0,0,0,0,0,0,0,0,0,0,0,0,0,0,0,0,0,2,0,0,0,0,0,0,1,0,0,0,0,0,0,0,0,0,0,0,0,0,0,0,0,0,0,0,0,0,0,0,0,0,0,0,0,0,0,1,0,0,0,0,0,0,0,0,0,0,0,0,0,1,0,0,0,0,0,0,0,0,0,0,0
NA,3,8,14,47,0,0,0,3,0,1,2,0,12,53,31,0,0,1,1,45,0,40,0,4,0,0,0,0,7,1,0,0,0,46,3,0,0,0,12,3,30,0,0,2,0,1,13,0,0,0,0,0,4,48,0,0,0,0,0,0,0,0,3,0,0,2,0,0,4,25,0,1,0,0,0,0,0,0,0,0,0,0,0,0,0,0,0,8,41,0,0,28,23,8,0,1,0,0,0,0,3,0,0,9,0,0,35,56,0,0,0,0,0,0,9,3,2,0,1,0,0,0,0,0,0
"MS1",76,5,3,5,0,0,0,8,0,1,1,0,2,4,6,0,0,1,1,4,2,0,0,0,0,0,0,1,0,0,0,0,0,0,0,0,0,0,1,2,3,0,1,0,0,0,0,0,0,0,0,0,0,0,0,0,0,0,0,3,0,2,0,0,0,0,0,0,0,0,0,0,0,0,0,0,0,0,0,0,0,0,0,0,0,0,0,0,4,0,0,0,4,3,0,0,0,0,0,1,0,1,0,0,0,0,0,0,0,0,0,0,0,0,0,0,0,0,0,0,0,0,0,0,0
"MS2",8,10,7,23,0,0,0,5,0,0,1,0,0,10,11,1,2,0,0,2,1,5,0,0,0,1,0,0,6,0,0,0,0,8,1,2,0,0,6,0,2,0,0,0,0,3,25,0,0,0,0,0,0,0,0,0,0,0,0,0,0,0,0,0,0,0,0,0,1,0,0,0,0,0,0,0,0,0,0,0,0,0,0,0,0,0,0,0,0,0,0,0,0,0,0,0,0,0,0,0,0,0,0,0,0,0,0,0,0,0,0,0,0,0,0,0,0,0,0,0,0,0,0,0,0
"MS3",12,26,5,21,0,0,3,13,7,2,3,0,0,4,8,0,0,1,0,1,0,0,0,0,0,0,0,0,1,0,1,0,0,4,2,3,0,0,9,0,17,0,2,0,0,0,3,0,0,0,0,2,0,0,0,0,0,0,0,0,1,0,0,0,0,0,0,0,0,0,0,0,0,0,0,0,0,0,0,0,0,0,0,0,0,0,0,0,0,0,0,0,0,0,0,0,0,0,0,0,0,0,0,0,0,0,0,0,0,0,0,0,0,0,0,0,0,0,0,0,0,0,0,0,0
"MS4",8,5,13,19,0,0,4,16,0,1,0,1,2,9,10,0,0,0,0,2,0,15,0,0,0,0,0,0,5,0,0,0,0,24,0,3,0,0,4,1,22,0,0,0,0,3,1,0,0,0,0,0,0,0,0,0,0,0,0,0,0,0,3,0,0,0,0,0,0,0,0,0,0,0,0,0,0,0,0,0,0,0,0,0,0,0,0,0,0,0,0,0,0,0,0,0,0,0,0,0,0,0,0,0,0,0,0,0,0,0,0,0,0,0,0,0,0,0,0,0,0,0,0,0,0
"MS5",14,6,16,9,0,0,1,9,0,0,0,0,2,8,5,0,0,0,0,0,0,22,0,0,0,0,0,0,0,0,0,0,0,0,0,0,0,0,2,0,26,0,0,0,0,2,1,0,0,0,0,0,0,0,0,0,0,0,0,0,0,0,1,0,0,0,0,0,0,0,0,0,0,0,0,0,0,0,0,0,0,0,0,0,0,0,0,0,0,0,0,0,0,0,0,0,0,0,0,0,0,0,0,0,0,0,0,0,0,0,0,0,0,0,0,0,0,0,0,0,0,0,0,0,0
NA,14,9,10,32,0,0,1,6,0,0,0,0,0,33,30,0,0,1,0,25,0,29,0,0,0,1,0,2,4,1,1,0,0,2,4,0,0,0,12,0,23,0,0,0,0,2,15,0,1,0,0,0,0,36,0,0,0,2,0,0,0,0,11,0,0,0,0,0,0,2,0,0,0,0,0,0,0,0,0,0,17,0,0,0,0,0,0,4,7,0,0,0,39,12,0,1,0,0,0,0,0,0,0,0,0,0,0,0,0,0,0,0,0,1,8,1,0,0,0,0,0,0,0,0,0
"MWF1",51,0,1,1,0,0,0,2,0,0,0,0,0,1,0,0,0,0,0,12,0,0,0,0,0,0,0,0,0,0,4,0,0,0,0,0,0,0,0,0,0,0,0,0,0,0,0,0,0,0,0,0,0,5,0,0,0,0,0,0,0,0,0,0,0,0,0,0,0,0,0,0,0,0,0,0,0,0,0,0,0,0,0,0,0,0,0,0,0,0,0,0,0,0,0,0,0,0,0,0,0,0,0,0,3,0,0,0,2,0,0,0,0,0,0,0,0,0,0,0,0,0,0,0,0
"MWF2",7,0,0,0,0,0,0,0,0,0,0,0,0,0,0,0,0,0,0,0,0,0,0,0,0,0,0,0,0,0,1,0,0,0,0,0,0,0,0,0,0,0,0,0,3,0,0,0,0,0,0,0,0,0,0,11,0,0,0,0,0,0,0,0,0,0,0,2,2,8,0,0,0,0,0,0,0,0,0,0,0,0,0,0,0,0,0,0,1,0,0,0,0,0,0,0,0,0,0,0,0,0,0,0,0,0,0,0,2,0,0,0,0,0,0,0,0,0,0,0,0,0,0,0,0
"MWF3",6,0,0,0,0,0,0,1,0,0,0,0,0,0,0,0,0,0,0,0,0,0,1,0,0,0,0,0,0,0,2,0,0,0,0,0,0,0,0,0,0,0,0,0,1,0,0,0,0,0,0,0,0,3,0,4,0,0,0,0,0,0,0,0,0,1,2,18,0,2,0,0,0,0,0,0,0,0,0,0,0,0,0,0,0,0,0,0,2,0,0,0,0,0,0,0,0,0,0,0,0,0,0,0,5,0,0,0,0,0,0,0,0,0,0,0,0,0,0,0,0,0,0,0,0
"MWF4",18,0,0,0,0,0,0,0,0,0,0,0,0,0,0,0,0,0,0,0,0,0,0,0,0,0,0,0,0,0,5,0,0,0,0,0,0,0,0,0,0,0,0,0,5,0,1,0,0,0,0,0,0,23,0,2,1,0,0,0,0,0,0,0,0,0,1,9,0,6,0,0,0,0,0,0,0,0,0,0,0,0,0,0,0,0,0,56,4,0,0,6,0,0,0,0,0,0,0,0,0,0,0,2,4,0,0,0,0,0,0,0,0,0,0,0,0,0,0,0,0,0,0,0,0
"MWF5",9,0,0,4,0,0,0,0,0,0,0,0,0,0,0,0,0,0,0,0,0,0,0,0,0,0,0,0,0,0,4,0,0,0,0,0,0,0,0,0,0,0,0,0,1,0,0,0,0,0,0,0,0,27,0,6,0,0,0,0,0,0,0,0,0,0,0,1,0,2,0,0,0,0,0,4,0,0,0,0,0,0,0,0,0,0,0,16,0,0,0,8,0,0,0,0,0,0,0,0,0,0,0,0,5,0,0,0,0,0,0,0,0,0,0,0,0,0,0,0,0,0,0,0,0
"MWF6",4,0,0,0,0,0,0,0,0,0,0,0,0,0,0,0,0,0,0,0,0,0,4,0,0,0,0,0,0,0,11,0,0,0,0,0,0,0,0,0,0,0,0,0,0,0,0,0,0,0,0,0,0,45,2,1,55,0,0,0,0,0,0,0,0,0,80,3,3,6,0,0,0,0,0,145,0,8,62,0,0,0,0,0,0,0,0,50,0,1,0,2,0,0,0,0,0,0,0,0,0,0,0,2,79,0,0,0,0,0,0,0,0,0,0,0,0,0,0,2,0,0,0,0,0
"MWF7",1,0,0,0,0,0,0,0,0,0,0,0,0,0,0,0,0,0,0,0,0,0,0,0,0,0,0,0,0,0,4,0,0,0,0,0,0,0,0,0,0,0,0,0,4,0,36,0,0,0,0,0,0,5,0,18,0,0,0,0,0,0,0,0,0,0,1,0,1,14,0,3,0,0,0,2,0,1,0,0,0,0,0,0,0,0,0,9,4,0,0,6,0,0,0,0,0,0,0,0,0,2,0,0,0,0,0,0,1,0,0,0,0,0,0,0,0,0,0,1,1,0,0,0,0
"MWF8",3,0,0,6,0,0,0,0,0,0,0,0,0,0,0,0,0,0,0,0,0,0,1,0,0,0,0,0,0,0,4,0,0,0,0,0,0,0,0,0,0,0,0,0,5,0,27,0,0,0,0,0,2,5,0,1,0,0,0,0,0,0,0,0,0,0,3,4,0,1,0,0,0,0,0,0,0,2,0,0,0,0,0,0,0,0,0,60,2,0,0,0,0,0,0,0,0,0,0,0,0,0,0,0,0,0,1,0,2,0,0,0,0,0,0,0,0,0,0,0,0,4,0,0,0
"SE1",24,12,4,16,0,1,22,7,8,6,3,1,3,8,2,1,4,0,1,0,3,0,0,0,0,1,0,0,1,0,2,0,0,0,2,18,0,0,1,0,1,0,2,0,0,0,0,0,5,0,1,0,0,0,0,0,0,0,0,0,0,0,0,0,0,0,0,0,0,0,0,0,0,0,0,0,0,0,0,0,0,0,0,0,0,0,0,0,0,0,0,0,0,0,0,0,0,0,0,0,0,0,0,0,0,0,0,0,0,0,0,0,0,0,0,0,0,0,0,0,0,0,0,0,0
"SE2",10,13,2,10,0,0,7,13,1,3,5,2,4,1,3,1,6,0,0,0,4,0,0,0,0,0,1,0,3,0,0,0,0,0,1,6,0,0,0,0,0,0,0,0,0,0,0,0,9,0,0,0,0,0,2,0,0,0,0,0,0,0,0,0,0,0,0,1,0,0,0,0,0,0,0,0,0,0,0,0,0,0,0,0,0,0,0,0,0,0,0,0,0,0,0,0,0,0,0,0,0,0,0,0,0,0,0,0,0,0,0,0,0,0,0,0,0,0,0,0,0,0,0,0,0
"SE3",3,10,2,4,0,2,31,3,14,2,12,5,4,13,9,1,6,0,1,0,9,0,0,0,0,0,0,0,2,0,0,0,0,0,1,15,0,0,5,1,1,0,2,0,0,0,0,0,5,0,4,0,0,0,0,0,0,0,0,0,0,0,0,0,0,0,0,0,0,0,0,0,0,0,0,0,0,0,0,0,0,0,0,0,0,0,0,0,0,0,0,0,0,0,0,0,0,0,0,0,0,0,0,0,0,0,0,0,20,0,0,0,0,0,0,0,0,0,0,0,0,0,0,0,0
"SE4",7,25,1,4,0,0,17,17,13,3,3,4,0,3,5,0,5,0,0,0,9,0,0,0,0,0,1,0,0,0,0,0,0,0,0,8,0,0,2,0,3,0,3,0,0,0,0,0,3,1,1,0,0,0,1,0,0,0,0,0,0,0,0,0,0,0,0,0,0,0,0,0,0,0,0,0,0,0,0,0,0,0,0,0,0,0,0,0,0,0,0,0,0,0,0,0,0,0,0,0,0,0,0,0,0,0,0,0,0,0,0,0,0,0,0,0,0,0,0,0,0,0,0,0,0
"SE5",16,0,13,4,0,0,4,12,1,1,0,3,3,9,1,0,0,0,0,0,0,0,1,0,0,0,0,0,0,0,3,0,0,0,1,1,0,0,4,0,0,0,3,0,11,0,0,0,0,0,0,0,1,4,1,0,0,0,0,0,0,0,0,0,0,0,0,6,0,5,0,0,0,0,0,0,0,1,0,0,0,0,0,0,0,0,0,4,0,0,0,4,0,0,0,0,0,0,0,0,0,0,0,450,0,0,0,0,4,0,0,0,0,0,0,0,0,0,0,0,1,0,1,0,0
"SE6",13,2,5,4,0,0,2,10,5,0,1,0,0,23,4,0,0,0,0,0,0,0,0,1,0,0,0,0,0,0,1,0,0,0,0,3,0,0,2,0,0,0,0,0,1,0,0,0,1,0,0,0,0,3,4,0,0,0,0,0,0,0,0,0,0,0,0,2,1,0,0,0,0,0,0,0,0,0,0,0,0,0,0,0,0,0,0,0,2,0,0,0,0,0,0,0,0,0,0,0,0,0,0,0,0,0,0,0,0,0,0,0,0,0,0,0,0,0,0,0,0,0,0,0,0
"SE7",46,7,3,16,10,0,4,112,4,4,1,0,3,23,10,0,0,0,0,0,1,0,0,0,0,0,0,0,2,0,0,0,0,3,0,3,0,0,3,0,4,0,0,0,0,0,0,0,0,0,0,0,0,3,3,0,0,0,0,0,0,0,0,0,0,0,0,0,0,0,0,0,0,0,0,0,0,0,0,0,0,0,0,0,0,0,0,11,2,0,0,0,0,0,0,0,0,0,0,0,0,0,0,0,2,0,0,0,0,0,0,0,0,0,0,0,0,0,0,0,0,0,0,0,0
"SE8",28,4,2,32,0,0,41,16,17,8,0,0,4,12,10,0,1,0,1,0,6,10,1,0,0,0,0,0,6,0,1,0,0,0,2,18,0,0,8,1,1,0,7,0,0,0,0,0,2,0,2,0,0,0,2,0,0,0,0,0,0,0,0,0,0,0,0,0,1,0,0,0,0,0,0,0,0,0,0,0,0,0,0,0,0,0,0,0,0,0,0,0,0,0,0,0,0,0,0,0,0,0,0,0,0,0,0,0,0,0,0,0,0,0,0,0,0,0,0,0,0,0,0,0,0
"SW1",73,6,6,56,0,0,30,18,11,9,1,1,2,7,1,0,0,0,0,0,7,0,0,0,0,0,0,0,0,0,0,0,0,0,2,22,0,0,2,0,0,0,3,0,0,0,0,0,1,0,3,0,0,0,0,0,0,0,0,0,0,0,0,0,0,0,0,0,3,0,0,0,0,0,0,0,0,0,0,0,0,0,0,0,0,0,0,0,0,0,0,0,0,0,0,0,0,0,0,0,0,0,0,0,0,0,0,0,0,0,0,0,0,0,0,0,0,0,0,0,0,0,0,0,0
"SW2",31,6,3,17,0,0,9,13,2,3,0,0,0,18,0,0,0,0,0,2,3,0,0,0,0,0,0,0,0,0,4,0,0,0,0,1,0,0,1,0,3,0,0,0,3,0,0,0,0,0,1,0,3,29,1,3,0,0,0,0,0,0,0,0,0,0,0,14,5,12,0,0,0,0,0,0,0,0,0,0,0,0,0,0,0,0,0,3,8,0,0,0,0,0,0,0,0,0,0,0,0,0,0,0,1,0,2,9,0,0,0,0,0,0,0,0,0,0,0,0,0,0,0,0,0
"SW3",20,5,8,37,0,0,8,41,0,2,0,1,11,32,9,0,0,0,0,0,0,0,1,2,0,0,1,0,4,0,0,0,0,0,0,8,0,0,0,0,2,0,2,0,4,1,0,0,0,0,0,0,24,41,3,0,0,0,0,0,0,0,0,0,0,0,0,0,2,21,0,0,0,0,0,0,0,0,0,0,0,0,0,0,0,0,0,0,1,0,0,8,0,0,0,0,0,0,0,0,0,0,0,0,0,0,13,2,0,0,0,0,0,0,0,0,0,0,0,0,0,0,0,0,0
"SW4",39,2,4,30,0,0,15,13,2,1,2,2,3,24,6,0,0,0,0,0,0,0,0,0,0,0,0,0,5,0,1,0,0,0,0,0,0,0,0,0,0,0,1,0,1,0,0,0,0,0,11,0,0,8,3,0,0,0,0,0,0,0,0,0,0,0,0,0,0,1,0,0,0,0,0,0,0,1,0,0,0,0,0,0,0,0,0,3,0,0,0,0,0,0,0,0,0,0,0,0,0,0,0,0,0,0,0,0,0,0,0,0,0,0,0,0,0,0,0,0,0,0,0,0,0
"SW5",19,9,1,4,1,0,20,15,11,1,6,1,0,6,11,0,10,0,1,0,14,0,0,0,0,0,2,0,0,0,0,0,1,0,0,9,0,0,8,0,0,0,0,0,0,0,0,0,1,0,0,0,0,0,5,0,0,0,0,0,2,0,0,0,0,0,0,0,0,0,0,0,0,0,0,0,0,0,0,0,0,0,0,0,0,0,0,0,0,0,0,0,0,0,0,0,0,0,0,0,0,0,0,0,0,0,0,0,0,0,0,0,0,0,0,0,0,0,0,0,0,0,0,0,0
"SW6",17,8,2,10,0,0,17,16,6,0,14,3,0,11,4,0,2,0,0,0,2,0,0,0,0,0,0,0,0,0,0,0,0,0,0,12,0,0,1,0,0,0,4,0,0,0,0,0,4,0,3,0,0,0,3,0,0,0,0,0,1,0,0,0,0,0,0,1,0,0,0,0,0,0,0,0,0,0,0,0,0,0,0,0,0,0,0,0,0,0,0,0,0,0,0,0,0,0,0,0,0,0,0,0,0,0,0,0,0,0,0,0,0,0,0,0,0,0,0,0,0,0,0,0,0
"SW7",31,12,4,6,0,1,12,3,7,1,4,0,1,11,0,0,2,0,0,0,9,0,0,0,0,0,3,0,0,0,0,0,0,0,1,16,0,0,3,0,6,0,2,0,0,0,0,0,6,0,0,0,0,0,0,0,0,0,0,0,0,0,0,0,0,0,0,0,0,0,0,0,0,0,0,0,0,0,0,0,0,0,0,0,0,0,0,0,0,0,0,0,0,0,0,0,0,0,0,0,0,0,0,0,0,0,0,0,0,0,0,0,0,0,0,0,0,0,0,0,0,0,0,0,0
"SW8",46,6,6,63,0,0,68,17,19,5,3,0,3,22,9,0,0,0,0,0,4,0,0,0,0,0,0,0,5,0,0,0,0,0,1,15,0,0,1,0,0,0,6,0,0,0,0,0,3,0,1,0,0,0,4,0,0,0,0,0,0,2,0,0,0,0,0,0,1,0,0,0,0,0,0,0,0,0,0,0,0,0,0,0,0,0,0,0,0,0,0,0,0,0,0,0,0,0,0,0,0,0,0,0,0,0,0,0,25,0,0,0,0,0,0,0,0,0,0,0,0,0,0,3,0
"AM1",14,4,7,10,0,0,3,10,6,2,0,0,1,12,3,0,0,0,0,0,4,0,0,0,0,0,0,0,0,0,0,0,0,0,0,16,0,0,8,4,0,0,0,0,0,0,0,0,0,0,2,0,0,0,0,0,0,0,0,0,0,0,0,0,0,0,0,0,0,0,0,0,0,0,0,0,0,0,0,0,0,0,0,0,0,0,0,0,0,0,0,0,0,0,0,0,0,0,0,0,0,0,0,0,0,0,0,0,0,0,0,0,0,0,0,0,0,0,0,0,0,0,0,0,0
"AM2",4,18,13,9,0,0,7,24,3,3,2,0,3,15,14,0,1,0,1,0,0,0,0,0,0,2,0,0,0,0,0,0,0,0,1,9,0,0,4,0,7,0,2,0,0,0,0,0,0,0,2,0,0,1,0,0,0,0,0,0,0,0,0,0,0,1,0,0,0,0,0,0,0,0,0,0,0,0,0,0,0,0,0,0,0,0,0,0,0,0,0,0,0,0,0,0,0,0,0,0,0,0,0,0,0,0,0,0,0,0,0,0,0,0,0,0,0,0,0,0,0,0,0,0,0
"AM3",12,76,9,9,0,0,11,29,9,0,3,0,11,13,2,0,4,0,0,0,6,0,0,0,0,0,1,0,2,0,0,0,0,0,0,21,0,0,7,0,0,0,2,0,0,0,1,0,0,0,0,2,0,0,0,0,0,0,3,0,0,0,0,0,0,0,0,0,0,0,0,0,0,0,0,0,0,0,0,0,0,0,0,0,0,0,0,0,0,0,0,0,0,0,0,0,0,0,0,0,0,0,0,0,0,0,0,0,0,0,0,0,0,0,0,0,0,0,0,0,0,0,0,0,0
"AM4",7,7,11,19,0,0,11,12,5,1,1,0,12,11,12,0,0,0,1,1,4,4,3,0,0,0,1,1,3,0,0,0,0,2,0,3,0,0,2,0,0,0,3,0,0,0,0,0,0,0,4,0,0,0,0,0,0,0,4,0,3,0,0,0,0,0,0,0,0,0,0,0,0,0,0,0,0,0,0,0,0,0,0,0,0,0,0,0,0,0,0,0,0,0,0,0,0,0,0,0,0,0,0,0,0,0,0,0,0,0,0,0,0,0,0,0,0,0,0,0,0,0,0,0,0
"AM5",12,22,34,21,0,0,16,16,1,2,0,0,6,12,9,0,1,0,2,0,3,2,0,2,0,1,0,0,4,0,1,0,0,1,0,9,0,0,3,0,4,0,5,0,0,0,0,0,0,0,1,1,0,0,0,0,0,1,0,0,1,0,0,0,0,0,0,0,0,0,0,0,0,0,0,0,0,0,0,0,0,0,0,0,0,0,0,0,0,0,0,0,0,0,0,0,0,0,0,0,0,0,0,0,0,0,0,0,0,0,0,0,0,0,0,0,0,0,0,0,0,0,0,0,1
"AM6",8,24,7,6,0,3,4,2,6,0,0,0,2,15,1,0,1,0,0,0,3,0,0,4,0,0,0,0,0,0,0,0,0,0,1,1,0,0,7,0,9,0,4,0,0,0,3,0,0,0,0,5,1,0,0,0,0,0,0,0,0,0,0,0,0,0,0,0,0,0,0,0,0,0,0,0,0,0,0,0,0,0,0,0,0,0,0,0,0,0,0,0,0,0,0,0,0,0,0,0,0,0,0,0,0,0,0,0,0,0,0,0,0,0,0,0,0,0,0,0,0,0,0,0,0
"AM7",5,10,7,7,0,0,4,16,1,1,0,0,21,12,5,0,2,0,0,0,0,1,0,0,0,0,0,0,0,0,0,0,0,1,1,3,0,0,0,0,3,0,0,0,0,0,10,0,0,0,3,0,0,0,0,0,0,0,0,0,1,0,0,0,0,0,0,0,0,0,0,0,0,0,0,0,0,0,0,0,0,0,0,0,0,0,0,0,0,0,0,0,0,0,0,0,0,0,0,0,0,0,0,0,0,0,0,0,0,0,0,0,0,0,0,0,0,0,0,0,0,0,0,0,0
"AM8",4,10,9,9,0,0,4,14,1,0,1,0,3,8,3,0,1,0,0,1,1,0,0,0,0,0,0,0,1,0,0,0,0,0,0,7,0,0,5,0,4,0,1,0,0,0,2,0,0,0,1,0,0,0,0,0,0,0,0,0,0,0,0,0,0,0,0,0,0,0,0,0,0,0,0,0,0,0,0,0,0,0,0,0,0,0,0,0,0,0,0,0,0,0,0,0,0,0,0,0,0,0,0,0,0,0,0,0,0,0,0,0,0,0,0,0,0,0,0,0,0,0,0,0,0
"AM9",2,7,6,5,0,0,6,8,2,0,1,0,4,13,4,0,2,0,0,0,3,1,0,0,0,0,0,0,0,0,0,0,0,0,0,1,0,0,8,0,2,0,2,0,0,0,0,0,0,0,1,0,0,0,0,0,0,0,5,0,4,0,0,0,0,0,0,0,0,0,0,0,0,0,0,0,0,0,0,0,0,0,0,0,0,0,0,0,0,0,0,0,0,0,0,0,0,0,0,0,0,0,0,0,0,0,0,0,0,0,0,0,0,0,0,0,0,0,0,0,0,0,0,0,0
"AM10",6,2,8,6,0,0,9,19,3,1,0,0,2,9,9,0,2,0,0,0,2,0,0,0,0,0,0,0,1,1,0,0,0,0,0,7,0,0,1,0,1,0,0,0,0,0,0,0,2,0,2,0,0,0,0,0,0,0,2,0,1,0,0,0,0,0,0,0,0,0,0,0,0,0,0,0,0,0,0,0,0,0,0,0,0,0,0,0,0,0,0,0,0,0,0,0,0,0,0,0,0,0,0,0,0,0,0,0,0,0,0,0,0,0,0,0,0,0,0,0,0,0,0,0,0
